date,project_name,task,hours,notes,user_email
2024-04-30,Automated Test Suite,E2E test coverage,2.25,Prototyped new approach,david.kim@clockwise.test
2024-04-30,Design System,Button component,3,,eva.johnson@clockwise.test
2024-04-30,Internal Tools,Release automation,2.5,Initial implementation,henry.zhao@clockwise.test
2024-04-30,Cloud Migration,Network topology,1,,zane.mitchell@clockwise.test
2024-05-01,Internal Tools,Audit log viewer,0.5,Cleanup after release,david.kim@clockwise.test
2024-05-01,Support Portal,Chat widget,2.75,Reviewed PR and addressed feedback,eva.johnson@clockwise.test
2024-05-01,Cloud Migration,Secret management,2.25,Bug investigation,henry.zhao@clockwise.test
2024-05-02,Support Portal,Auto-response rules,1.75,Bug investigation,eva.johnson@clockwise.test
2024-05-05,Automated Test Suite,Write API tests,6,,carol.white@clockwise.test
2024-05-05,Cloud Migration,Container orchestration,2.25,Wrote unit and integration tests,david.kim@clockwise.test
2024-05-05,Mobile App Redesign,Gesture handling,1.75,Prototyped new approach,eva.johnson@clockwise.test
2024-05-05,Support Portal,Canned responses,3.75,Database query optimization,henry.zhao@clockwise.test
2024-05-06,Support Portal,Priority routing,2.25,Fixed edge cases,bob.martinez@clockwise.test
2024-05-06,Design System,Accessibility audit,5,Sprint planning,david.kim@clockwise.test
2024-05-06,Design System,Icon library,4,,eva.johnson@clockwise.test
2024-05-06,Design System,Design token migration,2.75,Investigated edge case,frank.lee@clockwise.test
2024-05-07,Automated Test Suite,Performance benchmarks,1.75,Paired with team on implementation,bob.martinez@clockwise.test
2024-05-07,Automated Test Suite,Test framework setup,6,Cross-team collaboration,frank.lee@clockwise.test
2024-05-08,Internal Tools,Log viewer,1.5,Paired with team on implementation,carol.white@clockwise.test
2024-05-08,Cloud Migration,Network topology,4.5,Database query optimization,frank.lee@clockwise.test
2024-05-09,Support Portal,Agent dashboard,4.75,Database query optimization,eva.johnson@clockwise.test
2024-05-12,Automated Test Suite,Write API tests,4,Updated documentation,bob.martinez@clockwise.test
2024-05-12,Mobile App Redesign,Performance tuning,3,,carol.white@clockwise.test
2024-05-12,Design System,Modal system,0.5,Added error handling,eva.johnson@clockwise.test
2024-05-12,Cloud Migration,Architecture planning,3.25,Cleanup after release,zane.mitchell@clockwise.test
2024-05-13,Automated Test Suite,Coverage report,0.75,Initial implementation,carol.white@clockwise.test
2024-05-13,API Platform v2,Webhook implementation,2.25,Investigated edge case,frank.lee@clockwise.test
2024-05-13,Design System,Grid layout system,4,Sprint planning,henry.zhao@clockwise.test
2024-05-13,API Platform v2,Endpoint design,1.75,Wrote unit and integration tests,zane.mitchell@clockwise.test
2024-05-14,Support Portal,Auto-response rules,1.5,Cross-team collaboration,eva.johnson@clockwise.test
2024-05-14,Design System,Design token migration,0.5,Updated documentation,frank.lee@clockwise.test
2024-05-15,API Platform v2,API docs,5.25,Prototyped new approach,carol.white@clockwise.test
2024-05-15,Internal Tools,Database query tool,3,Fixed edge cases,david.kim@clockwise.test
2024-05-15,Mobile App Redesign,Performance tuning,6,Debugging production issue,zane.mitchell@clockwise.test
2024-05-16,Cloud Migration,Database migration,1.25,Cleanup after release,david.kim@clockwise.test
2024-05-20,Internal Tools,Admin dashboard,2.5,Addressed review comments,bob.martinez@clockwise.test
2024-05-20,Automated Test Suite,Test parallelization,0.75,,frank.lee@clockwise.test
2024-05-21,API Platform v2,Auth integration,2.25,,carol.white@clockwise.test
2024-05-21,Mobile App Redesign,Gesture handling,2.75,Synced with stakeholders,frank.lee@clockwise.test
2024-05-21,Support Portal,Knowledge base,2.25,Reviewed PR and addressed feedback,henry.zhao@clockwise.test
2024-05-21,Cloud Migration,CDN configuration,5.75,Prototyped new approach,zane.mitchell@clockwise.test
2024-05-22,Mobile App Redesign,Animation prototyping,0.5,,carol.white@clockwise.test
2024-05-22,API Platform v2,Middleware refactor,2.25,Investigated edge case,frank.lee@clockwise.test
2024-05-26,Cloud Migration,Auto-scaling config,0.75,Investigated edge case,alice.chen@clockwise.test
2024-05-26,Support Portal,Canned responses,0.75,Reviewed PR and addressed feedback,carol.white@clockwise.test
2024-05-27,Automated Test Suite,Performance benchmarks,1.75,Deployed to staging,carol.white@clockwise.test
2024-05-27,Support Portal,Escalation workflow,3,,eva.johnson@clockwise.test
2024-05-28,Internal Tools,Admin dashboard,3.5,Fixed edge cases,david.kim@clockwise.test
2024-05-28,Automated Test Suite,Test framework setup,2.25,Code review and refactoring,eva.johnson@clockwise.test
2024-05-28,Cloud Migration,Secret management,2.25,Debugging production issue,zane.mitchell@clockwise.test
2024-05-29,Internal Tools,Log viewer,7,Paired with team on implementation,david.kim@clockwise.test
2024-05-29,Mobile App Redesign,Performance tuning,1.25,Tech debt cleanup,eva.johnson@clockwise.test
2024-05-29,Support Portal,Customer feedback form,0.5,Performance optimization,henry.zhao@clockwise.test
2024-05-30,Design System,Design token migration,0.75,Dependency upgrade,alice.chen@clockwise.test
2024-05-30,Automated Test Suite,CI pipeline,3.5,Investigated edge case,bob.martinez@clockwise.test
2024-05-30,Automated Test Suite,Visual regression tests,6,Sprint planning,frank.lee@clockwise.test
2024-05-30,Internal Tools,Seed data tooling,5,Updated documentation,henry.zhao@clockwise.test
2024-06-02,Design System,Modal system,4,Reviewed PR and addressed feedback,alice.chen@clockwise.test
2024-06-02,Internal Tools,Environment provisioning,0.75,Dependency upgrade,david.kim@clockwise.test
2024-06-02,Design System,Theme switcher,0.5,Added error handling,eva.johnson@clockwise.test
2024-06-02,Cloud Migration,Terraform modules,1.5,Paired with team on implementation,frank.lee@clockwise.test
2024-06-02,Cloud Migration,Network topology,1.75,Tech debt cleanup,zane.mitchell@clockwise.test
2024-06-03,Design System,Grid layout system,4,Cross-team collaboration,alice.chen@clockwise.test
2024-06-03,Design System,Typography scale,3.25,,david.kim@clockwise.test
2024-06-03,Cloud Migration,Network topology,0.75,Added error handling,david.kim@clockwise.test
2024-06-03,Design System,Storybook config,5,Database query optimization,eva.johnson@clockwise.test
2024-06-03,Automated Test Suite,E2E test coverage,5.75,Investigated edge case,frank.lee@clockwise.test
2024-06-03,Support Portal,Satisfaction survey,5,Updated documentation,frank.lee@clockwise.test
2024-06-03,Cloud Migration,Database migration,3.75,,henry.zhao@clockwise.test
2024-06-03,Cloud Migration,SSL certificate setup,2.75,Initial implementation,zane.mitchell@clockwise.test
2024-06-04,Internal Tools,Feature flag system,0.5,,carol.white@clockwise.test
2024-06-04,Cloud Migration,Auto-scaling config,0.5,Initial implementation,david.kim@clockwise.test
2024-06-04,Automated Test Suite,Visual regression tests,1,Prototyped new approach,eva.johnson@clockwise.test
2024-06-04,API Platform v2,API docs,3,Fixed edge cases,frank.lee@clockwise.test
2024-06-05,Mobile App Redesign,Dark mode support,2.75,Paired with team on implementation,alice.chen@clockwise.test
2024-06-05,API Platform v2,Auth integration,3,Bug investigation,carol.white@clockwise.test
2024-06-05,Cloud Migration,Disaster recovery plan,2,Tech debt cleanup,david.kim@clockwise.test
2024-06-05,Internal Tools,Metrics collector,0.5,Database query optimization,frank.lee@clockwise.test
2024-06-05,Mobile App Redesign,Splash screen,0.5,Sprint planning,zane.mitchell@clockwise.test
2024-06-06,Automated Test Suite,E2E setup,4,Code review and refactoring,bob.martinez@clockwise.test
2024-06-06,Internal Tools,Log viewer,2.25,Tech debt cleanup,carol.white@clockwise.test
2024-06-06,Cloud Migration,Cost analysis,0.5,Updated documentation,david.kim@clockwise.test
2024-06-06,Cloud Migration,Load testing,5.75,Code review and refactoring,eva.johnson@clockwise.test
2024-06-06,Automated Test Suite,E2E setup,1,,frank.lee@clockwise.test
2024-06-06,Cloud Migration,Disaster recovery plan,4.25,Prototyped new approach,frank.lee@clockwise.test
2024-06-06,Mobile App Redesign,Biometric auth,1,,henry.zhao@clockwise.test
2024-06-09,Internal Tools,Database query tool,2,Paired with team on implementation,bob.martinez@clockwise.test
2024-06-09,Mobile App Redesign,Onboarding flow,4.5,Cleanup after release,carol.white@clockwise.test
2024-06-09,Mobile App Redesign,Dark mode support,5.25,Reviewed PR and addressed feedback,david.kim@clockwise.test
2024-06-09,Automated Test Suite,Visual regression tests,0.75,Sprint planning,eva.johnson@clockwise.test
2024-06-09,Cloud Migration,Container orchestration,0.75,Updated documentation,eva.johnson@clockwise.test
2024-06-09,Automated Test Suite,Mock service setup,3.25,Dependency upgrade,frank.lee@clockwise.test
2024-06-09,Support Portal,FAQ page,2.75,,henry.zhao@clockwise.test
2024-06-09,API Platform v2,Rate limiting,2.75,Deployed to staging,zane.mitchell@clockwise.test
2024-06-10,API Platform v2,Rate limiting,0.5,,carol.white@clockwise.test
2024-06-10,Support Portal,Auto-response rules,6,Prototyped new approach,carol.white@clockwise.test
2024-06-10,Cloud Migration,Cost analysis,3,Initial implementation,david.kim@clockwise.test
2024-06-10,Design System,Toast notifications,1,Performance optimization,eva.johnson@clockwise.test
2024-06-10,API Platform v2,API docs,6.75,,frank.lee@clockwise.test
2024-06-10,API Platform v2,Pagination support,3,Investigated edge case,zane.mitchell@clockwise.test
2024-06-11,Automated Test Suite,Flaky test fix,1.5,,carol.white@clockwise.test
2024-06-11,Cloud Migration,Load testing,3.75,Wrote unit and integration tests,david.kim@clockwise.test
2024-06-11,Design System,Storybook config,2.75,Investigated edge case,eva.johnson@clockwise.test
2024-06-11,API Platform v2,Security audit,2.5,,frank.lee@clockwise.test
2024-06-11,Design System,Accessibility audit,1.5,Performance optimization,henry.zhao@clockwise.test
2024-06-11,Cloud Migration,Network topology,1.5,Paired with team on implementation,zane.mitchell@clockwise.test
2024-06-12,API Platform v2,Response caching,5.5,Wrote unit and integration tests,carol.white@clockwise.test
2024-06-12,Internal Tools,Audit log viewer,7,Code review and refactoring,david.kim@clockwise.test
2024-06-12,Mobile App Redesign,Wireframes,0.5,Tech debt cleanup,eva.johnson@clockwise.test
2024-06-12,Automated Test Suite,CI pipeline,4.5,Updated documentation,frank.lee@clockwise.test
2024-06-12,Mobile App Redesign,Dark mode support,3.5,,frank.lee@clockwise.test
2024-06-12,Support Portal,Auto-response rules,5.5,Prototyped new approach,henry.zhao@clockwise.test
2024-06-12,Support Portal,Status page,3.75,Investigated edge case,zane.mitchell@clockwise.test
2024-06-13,Mobile App Redesign,Wireframes,0.5,Reviewed PR and addressed feedback,carol.white@clockwise.test
2024-06-13,Internal Tools,Seed data tooling,3.75,Paired with team on implementation,david.kim@clockwise.test
2024-06-13,Support Portal,Status page,2.75,Bug investigation,eva.johnson@clockwise.test
2024-06-13,Automated Test Suite,Snapshot testing,4.25,Addressed review comments,frank.lee@clockwise.test
2024-06-13,API Platform v2,Schema migration,3.25,,zane.mitchell@clockwise.test
2024-06-16,Internal Tools,Seed data tooling,3,Performance optimization,carol.white@clockwise.test
2024-06-16,Automated Test Suite,E2E setup,4.25,Database query optimization,carol.white@clockwise.test
2024-06-16,API Platform v2,API docs,1,Tech debt cleanup,david.kim@clockwise.test
2024-06-16,Design System,Toast notifications,0.5,Sprint planning,eva.johnson@clockwise.test
2024-06-16,API Platform v2,Load testing,4.5,Dependency upgrade,frank.lee@clockwise.test
2024-06-16,Mobile App Redesign,Animation prototyping,5,Tech debt cleanup,zane.mitchell@clockwise.test
2024-06-16,Mobile App Redesign,Onboarding flow,3.25,Wrote unit and integration tests,zane.mitchell@clockwise.test
2024-06-17,API Platform v2,Security audit,4,Debugging production issue,alice.chen@clockwise.test
2024-06-17,Internal Tools,Seed data tooling,0.5,Cross-team collaboration,bob.martinez@clockwise.test
2024-06-17,Automated Test Suite,Test parallelization,1,Added error handling,carol.white@clockwise.test
2024-06-17,Automated Test Suite,CI pipeline,3.5,,david.kim@clockwise.test
2024-06-17,Cloud Migration,Cost analysis,6,,eva.johnson@clockwise.test
2024-06-17,Support Portal,Escalation workflow,4.25,Debugging production issue,eva.johnson@clockwise.test
2024-06-17,Automated Test Suite,Flaky test fix,2,,frank.lee@clockwise.test
2024-06-17,Internal Tools,Health checks,5,,henry.zhao@clockwise.test
2024-06-17,Design System,Form components,0.75,Addressed review comments,zane.mitchell@clockwise.test
2024-06-17,Cloud Migration,Secret management,0.5,Dependency upgrade,zane.mitchell@clockwise.test
2024-06-18,Support Portal,Canned responses,2,,bob.martinez@clockwise.test
2024-06-18,Mobile App Redesign,Biometric auth,0.75,Initial implementation,carol.white@clockwise.test
2024-06-18,Cloud Migration,Architecture planning,6,Deployed to staging,carol.white@clockwise.test
2024-06-18,Support Portal,Knowledge base,5.25,,eva.johnson@clockwise.test
2024-06-18,Support Portal,Chat widget,0.5,Paired with team on implementation,eva.johnson@clockwise.test
2024-06-18,Mobile App Redesign,Biometric auth,1.75,Updated documentation,zane.mitchell@clockwise.test
2024-06-19,Cloud Migration,Backup strategy,4,Paired with team on implementation,alice.chen@clockwise.test
2024-06-19,Design System,Component library,3.75,Cleanup after release,bob.martinez@clockwise.test
2024-06-19,Mobile App Redesign,Push notifications,5.75,Initial implementation,carol.white@clockwise.test
2024-06-19,Internal Tools,Release automation,3.25,Cross-team collaboration,david.kim@clockwise.test
2024-06-19,Mobile App Redesign,Onboarding flow,1.75,Debugging production issue,eva.johnson@clockwise.test
2024-06-19,Automated Test Suite,Performance benchmarks,6,Updated documentation,frank.lee@clockwise.test
2024-06-19,Automated Test Suite,Mock service setup,4.5,Sprint planning,zane.mitchell@clockwise.test
2024-06-20,Automated Test Suite,Flaky test fix,0.5,Database query optimization,carol.white@clockwise.test
2024-06-20,Internal Tools,Audit log viewer,1.75,Database query optimization,david.kim@clockwise.test
2024-06-20,Design System,Responsive utilities,2,Debugging production issue,eva.johnson@clockwise.test
2024-06-20,Support Portal,Satisfaction survey,5.25,,henry.zhao@clockwise.test
2024-06-20,Cloud Migration,Architecture planning,2.25,Synced with stakeholders,zane.mitchell@clockwise.test
2024-06-23,Mobile App Redesign,Biometric auth,3,,alice.chen@clockwise.test
2024-06-23,Internal Tools,Config management,1,Performance optimization,bob.martinez@clockwise.test
2024-06-23,API Platform v2,API docs,2.5,,carol.white@clockwise.test
2024-06-23,Support Portal,Satisfaction survey,4,Paired with team on implementation,david.kim@clockwise.test
2024-06-23,Support Portal,Canned responses,1.25,Dependency upgrade,david.kim@clockwise.test
2024-06-23,Internal Tools,Config management,3.25,Deployed to staging,eva.johnson@clockwise.test
2024-06-23,Cloud Migration,Load testing,0.5,Debugging production issue,frank.lee@clockwise.test
2024-06-23,Internal Tools,Environment provisioning,3.5,Performance optimization,henry.zhao@clockwise.test
2024-06-23,Mobile App Redesign,Wireframes,1.5,Performance optimization,zane.mitchell@clockwise.test
2024-06-23,Support Portal,Chat widget,0.75,,zane.mitchell@clockwise.test
2024-06-24,Support Portal,FAQ page,6,,carol.white@clockwise.test
2024-06-24,Internal Tools,Environment provisioning,3,Performance optimization,david.kim@clockwise.test
2024-06-24,Design System,Form components,1.5,Cleanup after release,eva.johnson@clockwise.test
2024-06-24,Mobile App Redesign,Gesture handling,3.75,Paired with team on implementation,eva.johnson@clockwise.test
2024-06-24,API Platform v2,OpenAPI spec update,0.5,Database query optimization,frank.lee@clockwise.test
2024-06-24,Design System,Design token migration,0.5,Reviewed PR and addressed feedback,henry.zhao@clockwise.test
2024-06-24,Mobile App Redesign,Navigation rework,5.25,Paired with team on implementation,zane.mitchell@clockwise.test
2024-06-25,Internal Tools,Feature flag system,3.5,Tech debt cleanup,bob.martinez@clockwise.test
2024-06-25,API Platform v2,Error handling,1.5,Deployed to staging,carol.white@clockwise.test
2024-06-25,API Platform v2,Endpoint design,2.75,Updated documentation,david.kim@clockwise.test
2024-06-25,Internal Tools,Deploy script,6.25,Dependency upgrade,eva.johnson@clockwise.test
2024-06-25,Cloud Migration,DNS cutover,3.75,Performance optimization,frank.lee@clockwise.test
2024-06-25,API Platform v2,Schema migration,2,Sprint planning,zane.mitchell@clockwise.test
2024-06-26,Cloud Migration,Infra planning,1,Synced with stakeholders,david.kim@clockwise.test
2024-06-26,Support Portal,Customer feedback form,7,Bug investigation,eva.johnson@clockwise.test
2024-06-26,Automated Test Suite,E2E test coverage,5.25,Performance optimization,frank.lee@clockwise.test
2024-06-26,Mobile App Redesign,Biometric auth,0.5,,zane.mitchell@clockwise.test
2024-06-26,Cloud Migration,Infra planning,3,Cross-team collaboration,zane.mitchell@clockwise.test
2024-06-27,Support Portal,Satisfaction survey,6,Debugging production issue,carol.white@clockwise.test
2024-06-27,Cloud Migration,Network topology,0.5,Performance optimization,david.kim@clockwise.test
2024-06-27,Design System,Modal system,3.5,,eva.johnson@clockwise.test
2024-06-27,API Platform v2,Code review,5,Dependency upgrade,frank.lee@clockwise.test
2024-06-27,API Platform v2,Load testing,4.5,Investigated edge case,frank.lee@clockwise.test
2024-06-27,Mobile App Redesign,Gesture handling,2,Cross-team collaboration,zane.mitchell@clockwise.test
2024-06-30,API Platform v2,REST endpoint impl,0.5,Fixed edge cases,alice.chen@clockwise.test
2024-06-30,Mobile App Redesign,Onboarding flow,4,Wrote unit and integration tests,carol.white@clockwise.test
2024-06-30,Automated Test Suite,Test fixtures,3,Wrote unit and integration tests,carol.white@clockwise.test
2024-06-30,Cloud Migration,Cost analysis,2.75,Bug investigation,david.kim@clockwise.test
2024-06-30,API Platform v2,REST endpoint impl,2,Investigated edge case,eva.johnson@clockwise.test
2024-06-30,Cloud Migration,Terraform modules,0.5,Wrote unit and integration tests,eva.johnson@clockwise.test
2024-06-30,Automated Test Suite,E2E test coverage,1,Wrote unit and integration tests,frank.lee@clockwise.test
2024-07-01,Support Portal,Chat widget,4,Prototyped new approach,alice.chen@clockwise.test
2024-07-01,Automated Test Suite,E2E test coverage,4,Updated documentation,bob.martinez@clockwise.test
2024-07-01,Mobile App Redesign,Design review,4.75,Debugging production issue,carol.white@clockwise.test
2024-07-01,Internal Tools,Feature flag system,5,Updated documentation,david.kim@clockwise.test
2024-07-01,Design System,Storybook config,0.5,Cross-team collaboration,eva.johnson@clockwise.test
2024-07-01,Support Portal,Priority routing,0.5,Performance optimization,henry.zhao@clockwise.test
2024-07-01,Cloud Migration,Infra planning,0.75,Initial implementation,zane.mitchell@clockwise.test
2024-07-02,API Platform v2,Middleware refactor,4,Initial implementation,alice.chen@clockwise.test
2024-07-02,API Platform v2,Response caching,2.25,Code review and refactoring,bob.martinez@clockwise.test
2024-07-02,Support Portal,Ticket flow,1.75,,carol.white@clockwise.test
2024-07-02,Design System,Color token definitions,5,Sprint planning,david.kim@clockwise.test
2024-07-02,Design System,Form components,3.5,,eva.johnson@clockwise.test
2024-07-02,API Platform v2,Auth integration,3.25,Fixed edge cases,frank.lee@clockwise.test
2024-07-02,API Platform v2,Webhook implementation,1.75,,zane.mitchell@clockwise.test
2024-07-03,Mobile App Redesign,Performance tuning,0.5,Wrote unit and integration tests,carol.white@clockwise.test
2024-07-03,Cloud Migration,Network topology,1.5,Performance optimization,carol.white@clockwise.test
2024-07-03,Internal Tools,Database query tool,0.5,Added error handling,david.kim@clockwise.test
2024-07-03,Support Portal,Auto-response rules,2,,eva.johnson@clockwise.test
2024-07-03,API Platform v2,API docs,3.5,Performance optimization,frank.lee@clockwise.test
2024-07-03,Support Portal,Auto-response rules,1.75,Performance optimization,henry.zhao@clockwise.test
2024-07-03,Cloud Migration,Secret management,0.5,Debugging production issue,zane.mitchell@clockwise.test
2024-07-04,Cloud Migration,Auto-scaling config,4,Updated documentation,alice.chen@clockwise.test
2024-07-04,Automated Test Suite,Flaky test fix,0.75,Deployed to staging,bob.martinez@clockwise.test
2024-07-04,Automated Test Suite,Performance benchmarks,6,Synced with stakeholders,carol.white@clockwise.test
2024-07-04,Internal Tools,Feature flag system,3,Debugging production issue,david.kim@clockwise.test
2024-07-04,Design System,Grid layout system,3.25,Reviewed PR and addressed feedback,eva.johnson@clockwise.test
2024-07-04,Automated Test Suite,Snapshot testing,3.25,Cleanup after release,frank.lee@clockwise.test
2024-07-04,Cloud Migration,Load testing,1.25,Bug investigation,zane.mitchell@clockwise.test
2024-07-07,Design System,Typography scale,0.5,Cleanup after release,alice.chen@clockwise.test
2024-07-07,API Platform v2,Schema migration,1.5,Wrote unit and integration tests,carol.white@clockwise.test
2024-07-07,Internal Tools,Seed data tooling,1.75,Cross-team collaboration,david.kim@clockwise.test
2024-07-07,Mobile App Redesign,Gesture handling,1,,frank.lee@clockwise.test
2024-07-07,Design System,Button component,3.5,Initial implementation,henry.zhao@clockwise.test
2024-07-07,Cloud Migration,Monitoring setup,0.75,Synced with stakeholders,zane.mitchell@clockwise.test
2024-07-08,Automated Test Suite,CI pipeline,1.5,Database query optimization,carol.white@clockwise.test
2024-07-08,Mobile App Redesign,Gesture handling,6,Wrote unit and integration tests,eva.johnson@clockwise.test
2024-07-08,Mobile App Redesign,Push notifications,6,Sprint planning,henry.zhao@clockwise.test
2024-07-08,Automated Test Suite,Visual regression tests,2.75,Tech debt cleanup,zane.mitchell@clockwise.test
2024-07-09,Cloud Migration,Database migration,0.5,Fixed edge cases,alice.chen@clockwise.test
2024-07-09,Internal Tools,Audit log viewer,6,Wrote unit and integration tests,carol.white@clockwise.test
2024-07-09,Mobile App Redesign,Navigation rework,1.75,Added error handling,carol.white@clockwise.test
2024-07-09,Design System,Typography scale,2.75,Wrote unit and integration tests,eva.johnson@clockwise.test
2024-07-09,Cloud Migration,Database migration,2,Addressed review comments,frank.lee@clockwise.test
2024-07-09,Automated Test Suite,Write API tests,0.5,,zane.mitchell@clockwise.test
2024-07-10,Automated Test Suite,Flaky test fix,0.75,Addressed review comments,carol.white@clockwise.test
2024-07-10,Mobile App Redesign,Push notifications,3.75,Tech debt cleanup,david.kim@clockwise.test
2024-07-10,Mobile App Redesign,Dark mode support,7,Updated documentation,eva.johnson@clockwise.test
2024-07-10,Cloud Migration,DNS cutover,1.25,Prototyped new approach,frank.lee@clockwise.test
2024-07-10,Mobile App Redesign,Deep linking,1,,zane.mitchell@clockwise.test
2024-07-11,Automated Test Suite,E2E test coverage,0.5,Paired with team on implementation,alice.chen@clockwise.test
2024-07-11,Internal Tools,Feature flag system,6,Cross-team collaboration,carol.white@clockwise.test
2024-07-11,Design System,Color token definitions,0.5,,eva.johnson@clockwise.test
2024-07-11,Design System,Toast notifications,4.5,Debugging production issue,henry.zhao@clockwise.test
2024-07-14,Mobile App Redesign,Splash screen,3.75,Prototyped new approach,carol.white@clockwise.test
2024-07-14,Cloud Migration,Backup strategy,0.75,Reviewed PR and addressed feedback,david.kim@clockwise.test
2024-07-14,API Platform v2,Code review,2.25,Prototyped new approach,zane.mitchell@clockwise.test
2024-07-15,API Platform v2,OpenAPI spec update,4,Reviewed PR and addressed feedback,alice.chen@clockwise.test
2024-07-15,Automated Test Suite,CI pipeline,3,,carol.white@clockwise.test
2024-07-15,Cloud Migration,Cost analysis,2.25,Performance optimization,david.kim@clockwise.test
2024-07-15,Cloud Migration,Backup strategy,2,Performance optimization,frank.lee@clockwise.test
2024-07-15,Mobile App Redesign,Wireframes,3.75,Tech debt cleanup,zane.mitchell@clockwise.test
2024-07-16,API Platform v2,OpenAPI spec update,7.25,Added error handling,frank.lee@clockwise.test
2024-07-16,Support Portal,Priority routing,3,Added error handling,henry.zhao@clockwise.test
2024-07-17,Internal Tools,Feature flag system,3.25,,bob.martinez@clockwise.test
2024-07-17,API Platform v2,Security audit,0.75,Tech debt cleanup,carol.white@clockwise.test
2024-07-17,Cloud Migration,Monitoring setup,2.25,Updated documentation,frank.lee@clockwise.test
2024-07-17,Internal Tools,Deploy script,4.25,Synced with stakeholders,henry.zhao@clockwise.test
2024-07-17,Cloud Migration,Cost analysis,3.25,Cross-team collaboration,zane.mitchell@clockwise.test
2024-07-18,Automated Test Suite,Test fixtures,1.75,Prototyped new approach,alice.chen@clockwise.test
2024-07-18,Support Portal,Status page,1.5,Deployed to staging,bob.martinez@clockwise.test
2024-07-18,Automated Test Suite,Test framework setup,0.5,Deployed to staging,carol.white@clockwise.test
2024-07-18,Internal Tools,Admin dashboard,5.25,,david.kim@clockwise.test
2024-07-18,Cloud Migration,Cost analysis,0.5,Dependency upgrade,frank.lee@clockwise.test
2024-07-18,Internal Tools,Deploy script,3.25,Cleanup after release,henry.zhao@clockwise.test
2024-07-18,Mobile App Redesign,Animation prototyping,4.75,Performance optimization,zane.mitchell@clockwise.test
2024-07-21,API Platform v2,Webhook implementation,2.25,Debugging production issue,alice.chen@clockwise.test
2024-07-21,Automated Test Suite,Snapshot testing,0.5,Prototyped new approach,bob.martinez@clockwise.test
2024-07-21,API Platform v2,Load testing,0.5,Reviewed PR and addressed feedback,carol.white@clockwise.test
2024-07-21,Mobile App Redesign,Animation prototyping,2.75,Reviewed PR and addressed feedback,eva.johnson@clockwise.test
2024-07-22,Mobile App Redesign,Push notifications,4,Added error handling,bob.martinez@clockwise.test
2024-07-22,API Platform v2,API docs,1,Bug investigation,carol.white@clockwise.test
2024-07-22,Support Portal,Customer feedback form,0.5,Added error handling,eva.johnson@clockwise.test
2024-07-22,Design System,Grid layout system,1,Added error handling,henry.zhao@clockwise.test
2024-07-22,Cloud Migration,Disaster recovery plan,6,Wrote unit and integration tests,zane.mitchell@clockwise.test
2024-07-23,Support Portal,Canned responses,7,Dependency upgrade,eva.johnson@clockwise.test
2024-07-24,Mobile App Redesign,Onboarding flow,1.25,Prototyped new approach,eva.johnson@clockwise.test
2024-07-24,Design System,Typography scale,2.25,Fixed edge cases,henry.zhao@clockwise.test
2024-07-24,API Platform v2,Rate limiting,3.25,Performance optimization,zane.mitchell@clockwise.test
2024-07-25,API Platform v2,Error handling,0.75,Debugging production issue,alice.chen@clockwise.test
2024-07-25,Design System,Form components,2.25,,bob.martinez@clockwise.test
2024-07-25,API Platform v2,Rate limiting,5.5,Addressed review comments,zane.mitchell@clockwise.test
2024-07-28,Internal Tools,Audit log viewer,2,Performance optimization,david.kim@clockwise.test
2024-07-28,Automated Test Suite,Coverage report,4.25,Wrote unit and integration tests,frank.lee@clockwise.test
2024-07-28,API Platform v2,Code review,1.25,Cleanup after release,frank.lee@clockwise.test
2024-07-28,Internal Tools,Deploy script,2.5,,henry.zhao@clockwise.test
2024-07-28,Internal Tools,Admin dashboard,0.5,Paired with team on implementation,zane.mitchell@clockwise.test
2024-07-29,Design System,Color token definitions,0.5,Investigated edge case,alice.chen@clockwise.test
2024-07-29,Automated Test Suite,Coverage report,5.25,Cleanup after release,carol.white@clockwise.test
2024-07-29,Cloud Migration,Auto-scaling config,0.5,Cleanup after release,frank.lee@clockwise.test
2024-07-29,Design System,Responsive utilities,0.5,Sprint planning,zane.mitchell@clockwise.test
2024-07-30,API Platform v2,Error handling,0.5,,bob.martinez@clockwise.test
2024-07-30,Support Portal,Status page,0.75,,carol.white@clockwise.test
2024-07-30,Cloud Migration,Architecture planning,4.75,Tech debt cleanup,frank.lee@clockwise.test
2024-07-30,Design System,Grid layout system,1.25,Code review and refactoring,henry.zhao@clockwise.test
2024-07-30,API Platform v2,Load testing,3.25,Cleanup after release,zane.mitchell@clockwise.test
2024-07-31,Design System,Storybook config,2.25,Added error handling,alice.chen@clockwise.test
2024-07-31,Automated Test Suite,Integration test harness,2,Paired with team on implementation,bob.martinez@clockwise.test
2024-07-31,Automated Test Suite,Snapshot testing,0.5,Deployed to staging,carol.white@clockwise.test
2024-07-31,API Platform v2,Endpoint design,4.25,,david.kim@clockwise.test
2024-07-31,API Platform v2,Auth integration,2.25,,frank.lee@clockwise.test
2024-07-31,API Platform v2,Webhook implementation,0.5,Updated documentation,henry.zhao@clockwise.test
2024-07-31,Mobile App Redesign,Wireframes,2.5,Synced with stakeholders,zane.mitchell@clockwise.test
2024-08-01,Cloud Migration,Load testing,2.75,Prototyped new approach,carol.white@clockwise.test
2024-08-01,Internal Tools,Feature flag system,5,Debugging production issue,david.kim@clockwise.test
2024-08-01,API Platform v2,Webhook implementation,2.75,Prototyped new approach,frank.lee@clockwise.test
2024-08-01,Design System,Icon library,4.5,Updated documentation,frank.lee@clockwise.test
2024-08-01,Design System,Design token migration,3.25,Cross-team collaboration,henry.zhao@clockwise.test
2024-08-01,Mobile App Redesign,Performance tuning,4.25,Cleanup after release,zane.mitchell@clockwise.test
2024-08-04,API Platform v2,Rate limiting,0.5,Fixed edge cases,carol.white@clockwise.test
2024-08-04,Mobile App Redesign,Onboarding flow,2.25,,eva.johnson@clockwise.test
2024-08-04,API Platform v2,Pagination support,0.75,Database query optimization,frank.lee@clockwise.test
2024-08-04,Internal Tools,Environment provisioning,2.5,Wrote unit and integration tests,henry.zhao@clockwise.test
2024-08-05,Mobile App Redesign,Performance tuning,2.75,Cross-team collaboration,alice.chen@clockwise.test
2024-08-05,Internal Tools,Seed data tooling,2,Prototyped new approach,carol.white@clockwise.test
2024-08-05,Cloud Migration,Load testing,2.75,Addressed review comments,carol.white@clockwise.test
2024-08-05,Cloud Migration,Auto-scaling config,4.75,Wrote unit and integration tests,david.kim@clockwise.test
2024-08-05,Cloud Migration,Secret management,1.5,,frank.lee@clockwise.test
2024-08-05,Cloud Migration,Network topology,1.25,Wrote unit and integration tests,henry.zhao@clockwise.test
2024-08-06,Automated Test Suite,Coverage report,0.5,Investigated edge case,carol.white@clockwise.test
2024-08-06,Internal Tools,Environment provisioning,3.25,Cross-team collaboration,david.kim@clockwise.test
2024-08-06,Cloud Migration,Network topology,1.5,Database query optimization,eva.johnson@clockwise.test
2024-08-06,Internal Tools,Audit log viewer,3.75,Paired with team on implementation,frank.lee@clockwise.test
2024-08-07,Internal Tools,Deploy script,3.5,Tech debt cleanup,bob.martinez@clockwise.test
2024-08-07,Mobile App Redesign,Animation prototyping,4,Reviewed PR and addressed feedback,carol.white@clockwise.test
2024-08-07,Cloud Migration,DNS cutover,0.75,Wrote unit and integration tests,david.kim@clockwise.test
2024-08-07,Support Portal,Priority routing,3.5,Addressed review comments,eva.johnson@clockwise.test
2024-08-07,Automated Test Suite,Integration test harness,1.5,Cleanup after release,frank.lee@clockwise.test
2024-08-08,Design System,Dark mode,3.5,Paired with team on implementation,alice.chen@clockwise.test
2024-08-08,Automated Test Suite,Mock service setup,2,Cross-team collaboration,carol.white@clockwise.test
2024-08-08,Internal Tools,Release automation,6.5,Tech debt cleanup,david.kim@clockwise.test
2024-08-08,Cloud Migration,Disaster recovery plan,3.75,Database query optimization,eva.johnson@clockwise.test
2024-08-08,Cloud Migration,Container orchestration,0.75,Tech debt cleanup,frank.lee@clockwise.test
2024-08-11,Cloud Migration,Terraform modules,4,Code review and refactoring,alice.chen@clockwise.test
2024-08-11,Mobile App Redesign,Splash screen,2.75,Cleanup after release,bob.martinez@clockwise.test
2024-08-11,API Platform v2,Auth integration,1.75,Bug investigation,carol.white@clockwise.test
2024-08-11,Cloud Migration,Infra planning,5.75,Investigated edge case,david.kim@clockwise.test
2024-08-11,Mobile App Redesign,Dark mode support,2.25,Performance optimization,eva.johnson@clockwise.test
2024-08-11,API Platform v2,Load testing,0.5,Wrote unit and integration tests,frank.lee@clockwise.test
2024-08-11,Support Portal,Knowledge base,3.75,Debugging production issue,henry.zhao@clockwise.test
2024-08-12,Cloud Migration,Architecture planning,0.75,Database query optimization,alice.chen@clockwise.test
2024-08-12,API Platform v2,Rate limiting,6,Updated documentation,carol.white@clockwise.test
2024-08-12,Internal Tools,Admin dashboard,1,Database query optimization,david.kim@clockwise.test
2024-08-12,Cloud Migration,Cost analysis,2.75,Code review and refactoring,eva.johnson@clockwise.test
2024-08-12,Automated Test Suite,Integration test harness,7.25,Added error handling,frank.lee@clockwise.test
2024-08-12,Design System,Accessibility audit,1.5,Wrote unit and integration tests,frank.lee@clockwise.test
2024-08-12,Support Portal,Status page,6,Wrote unit and integration tests,henry.zhao@clockwise.test
2024-08-12,Design System,Accessibility audit,1.5,Reviewed PR and addressed feedback,zane.mitchell@clockwise.test
2024-08-13,Cloud Migration,SSL certificate setup,0.5,Deployed to staging,david.kim@clockwise.test
2024-08-13,Design System,Dark mode,2.25,,eva.johnson@clockwise.test
2024-08-13,Design System,Theme switcher,3.75,Added error handling,eva.johnson@clockwise.test
2024-08-13,Cloud Migration,Container orchestration,3,Paired with team on implementation,frank.lee@clockwise.test
2024-08-14,Design System,Design token migration,0.5,Synced with stakeholders,eva.johnson@clockwise.test
2024-08-14,Automated Test Suite,CI pipeline,4,Dependency upgrade,frank.lee@clockwise.test
2024-08-14,Support Portal,Auto-response rules,2,Code review and refactoring,henry.zhao@clockwise.test
2024-08-14,Mobile App Redesign,Offline sync,2.25,Added error handling,zane.mitchell@clockwise.test
2024-08-15,Design System,Token system,0.75,Prototyped new approach,alice.chen@clockwise.test
2024-08-15,Design System,Grid layout system,4.75,Bug investigation,david.kim@clockwise.test
2024-08-15,Support Portal,Chat widget,3.5,,eva.johnson@clockwise.test
2024-08-15,Automated Test Suite,Visual regression tests,1.5,Fixed edge cases,frank.lee@clockwise.test
2024-08-15,Internal Tools,Admin dashboard,1.5,Cross-team collaboration,henry.zhao@clockwise.test
2024-08-18,Cloud Migration,Secret management,3.5,Code review and refactoring,alice.chen@clockwise.test
2024-08-18,Cloud Migration,Network topology,2.75,,david.kim@clockwise.test
2024-08-18,Support Portal,Admin panel,1.75,Added error handling,eva.johnson@clockwise.test
2024-08-18,Internal Tools,Audit log viewer,2.5,,henry.zhao@clockwise.test
2024-08-18,Mobile App Redesign,Navigation rework,0.5,Addressed review comments,zane.mitchell@clockwise.test
2024-08-19,Cloud Migration,Network topology,1,Dependency upgrade,david.kim@clockwise.test
2024-08-19,Internal Tools,Log viewer,0.75,Investigated edge case,eva.johnson@clockwise.test
2024-08-19,Internal Tools,Database query tool,4.5,Performance optimization,henry.zhao@clockwise.test
2024-08-19,Cloud Migration,Container orchestration,0.75,Tech debt cleanup,zane.mitchell@clockwise.test
2024-08-20,Cloud Migration,Monitoring setup,5.75,Initial implementation,carol.white@clockwise.test
2024-08-20,Mobile App Redesign,Design review,1.75,,eva.johnson@clockwise.test
2024-08-20,API Platform v2,Input validation,2,Initial implementation,zane.mitchell@clockwise.test
2024-08-20,Design System,Button component,2.25,Prototyped new approach,zane.mitchell@clockwise.test
2024-08-21,Mobile App Redesign,Animation prototyping,3,Performance optimization,carol.white@clockwise.test
2024-08-21,Internal Tools,Metrics collector,0.75,Updated documentation,david.kim@clockwise.test
2024-08-21,Mobile App Redesign,Push notifications,5,Cross-team collaboration,eva.johnson@clockwise.test
2024-08-21,Internal Tools,Feature flag system,3.25,,henry.zhao@clockwise.test
2024-08-21,Mobile App Redesign,Performance tuning,3,Prototyped new approach,zane.mitchell@clockwise.test
2024-08-22,Cloud Migration,Load testing,2.5,Dependency upgrade,bob.martinez@clockwise.test
2024-08-22,Automated Test Suite,Visual regression tests,3,Initial implementation,carol.white@clockwise.test
2024-08-22,Support Portal,Chat widget,0.5,Tech debt cleanup,eva.johnson@clockwise.test
2024-08-22,Automated Test Suite,Mock service setup,6,Fixed edge cases,henry.zhao@clockwise.test
2024-08-22,Cloud Migration,Monitoring setup,4.5,Updated documentation,zane.mitchell@clockwise.test
2024-08-25,API Platform v2,OpenAPI spec update,0.5,Code review and refactoring,carol.white@clockwise.test
2024-08-25,Cloud Migration,Container orchestration,4,Initial implementation,david.kim@clockwise.test
2024-08-25,Automated Test Suite,E2E setup,0.5,Investigated edge case,frank.lee@clockwise.test
2024-08-25,Design System,Form components,2.75,Prototyped new approach,henry.zhao@clockwise.test
2024-08-25,API Platform v2,Performance profiling,6.25,,zane.mitchell@clockwise.test
2024-08-26,Automated Test Suite,Visual regression tests,2,Performance optimization,bob.martinez@clockwise.test
2024-08-26,Support Portal,Status page,0.5,Performance optimization,carol.white@clockwise.test
2024-08-26,Internal Tools,Feature flag system,1,,david.kim@clockwise.test
2024-08-26,Mobile App Redesign,Offline sync,3.75,Bug investigation,eva.johnson@clockwise.test
2024-08-26,Cloud Migration,Architecture planning,2,Bug investigation,frank.lee@clockwise.test
2024-08-26,API Platform v2,Code review,2,Dependency upgrade,henry.zhao@clockwise.test
2024-08-26,Cloud Migration,SSL certificate setup,4.75,Added error handling,zane.mitchell@clockwise.test
2024-08-27,Cloud Migration,Database migration,0.75,Dependency upgrade,david.kim@clockwise.test
2024-08-27,Design System,Color token definitions,0.75,Paired with team on implementation,eva.johnson@clockwise.test
2024-08-27,Cloud Migration,Container orchestration,2.25,Updated documentation,frank.lee@clockwise.test
2024-08-27,Mobile App Redesign,Splash screen,0.5,,zane.mitchell@clockwise.test
2024-08-27,Cloud Migration,Monitoring setup,2.5,Investigated edge case,zane.mitchell@clockwise.test
2024-08-28,Mobile App Redesign,Onboarding flow,5.75,Dependency upgrade,carol.white@clockwise.test
2024-08-28,Cloud Migration,Monitoring setup,1.5,Updated documentation,david.kim@clockwise.test
2024-08-28,Support Portal,Escalation workflow,0.75,Database query optimization,eva.johnson@clockwise.test
2024-08-28,Cloud Migration,Network topology,0.75,,frank.lee@clockwise.test
2024-08-28,Support Portal,Agent dashboard,4,,henry.zhao@clockwise.test
2024-08-28,Mobile App Redesign,Gesture handling,3.5,Tech debt cleanup,zane.mitchell@clockwise.test
2024-08-29,Cloud Migration,Network topology,1.25,Initial implementation,alice.chen@clockwise.test
2024-08-29,Mobile App Redesign,Design review,0.5,Bug investigation,carol.white@clockwise.test
2024-08-29,Cloud Migration,Secret management,2.75,Updated documentation,eva.johnson@clockwise.test
2024-08-29,Mobile App Redesign,Dark mode support,2.5,Bug investigation,frank.lee@clockwise.test
2024-08-29,API Platform v2,Endpoint design,4.75,Database query optimization,zane.mitchell@clockwise.test
2024-09-01,Internal Tools,Feature flag system,1,,carol.white@clockwise.test
2024-09-01,Support Portal,Knowledge base,4,Code review and refactoring,eva.johnson@clockwise.test
2024-09-01,Internal Tools,Database query tool,3.75,Updated documentation,henry.zhao@clockwise.test
2024-09-02,Cloud Migration,DNS cutover,0.5,Bug investigation,alice.chen@clockwise.test
2024-09-02,Support Portal,SLA dashboard,1.25,Cleanup after release,carol.white@clockwise.test
2024-09-02,Cloud Migration,Monitoring setup,2.5,Synced with stakeholders,david.kim@clockwise.test
2024-09-02,Design System,Modal system,1.5,Dependency upgrade,eva.johnson@clockwise.test
2024-09-02,Cloud Migration,CDN configuration,2,Debugging production issue,frank.lee@clockwise.test
2024-09-02,Mobile App Redesign,Offline sync,3.75,Deployed to staging,zane.mitchell@clockwise.test
2024-09-03,Internal Tools,Environment provisioning,4,Synced with stakeholders,alice.chen@clockwise.test
2024-09-03,Design System,Color token definitions,1.75,Synced with stakeholders,bob.martinez@clockwise.test
2024-09-03,Mobile App Redesign,Offline sync,6.75,Updated documentation,eva.johnson@clockwise.test
2024-09-03,Automated Test Suite,Performance benchmarks,1,Synced with stakeholders,frank.lee@clockwise.test
2024-09-03,Internal Tools,Admin dashboard,1.5,Tech debt cleanup,henry.zhao@clockwise.test
2024-09-03,Cloud Migration,Database migration,2.75,,zane.mitchell@clockwise.test
2024-09-04,API Platform v2,Webhook implementation,3.25,,carol.white@clockwise.test
2024-09-04,Internal Tools,Feature flag system,2.75,Wrote unit and integration tests,david.kim@clockwise.test
2024-09-04,API Platform v2,Rate limiting,1.25,Cleanup after release,eva.johnson@clockwise.test
2024-09-04,Automated Test Suite,Test fixtures,4.75,Wrote unit and integration tests,frank.lee@clockwise.test
2024-09-04,API Platform v2,Pagination support,1.75,Dependency upgrade,henry.zhao@clockwise.test
2024-09-04,Mobile App Redesign,Design review,2.5,Code review and refactoring,zane.mitchell@clockwise.test
2024-09-05,Cloud Migration,CDN configuration,2,Added error handling,carol.white@clockwise.test
2024-09-05,Cloud Migration,Cost analysis,0.5,Cross-team collaboration,david.kim@clockwise.test
2024-09-05,Cloud Migration,Network topology,1.75,Deployed to staging,eva.johnson@clockwise.test
2024-09-05,Cloud Migration,Monitoring setup,3,Reviewed PR and addressed feedback,frank.lee@clockwise.test
2024-09-08,API Platform v2,Error handling,2.5,,bob.martinez@clockwise.test
2024-09-08,API Platform v2,Pagination support,1,Wrote unit and integration tests,frank.lee@clockwise.test
2024-09-08,Internal Tools,Deploy script,1,,henry.zhao@clockwise.test
2024-09-08,Mobile App Redesign,Dark mode support,4.5,,zane.mitchell@clockwise.test
2024-09-09,API Platform v2,Error handling,1.75,Synced with stakeholders,alice.chen@clockwise.test
2024-09-09,Internal Tools,Audit log viewer,4,,david.kim@clockwise.test
2024-09-09,API Platform v2,Response caching,1.5,Added error handling,frank.lee@clockwise.test
2024-09-09,Automated Test Suite,Test fixtures,5.5,Performance optimization,henry.zhao@clockwise.test
2024-09-10,Mobile App Redesign,Performance tuning,3.25,,alice.chen@clockwise.test
2024-09-10,Cloud Migration,Disaster recovery plan,0.5,Addressed review comments,frank.lee@clockwise.test
2024-09-10,Cloud Migration,Architecture planning,1.25,Sprint planning,frank.lee@clockwise.test
2024-09-10,Design System,Storybook config,0.5,Prototyped new approach,henry.zhao@clockwise.test
2024-09-10,API Platform v2,Error handling,2.75,Initial implementation,zane.mitchell@clockwise.test
2024-09-11,Cloud Migration,DNS cutover,0.5,Prototyped new approach,alice.chen@clockwise.test
2024-09-11,Internal Tools,Config management,0.75,Deployed to staging,bob.martinez@clockwise.test
2024-09-11,Automated Test Suite,Test framework setup,3.25,Sprint planning,frank.lee@clockwise.test
2024-09-11,Design System,Dark mode,3.25,Cleanup after release,henry.zhao@clockwise.test
2024-09-11,Cloud Migration,SSL certificate setup,4,Debugging production issue,zane.mitchell@clockwise.test
2024-09-12,Automated Test Suite,Test parallelization,0.75,Paired with team on implementation,david.kim@clockwise.test
2024-09-12,Design System,Component library,1.5,Reviewed PR and addressed feedback,frank.lee@clockwise.test
2024-09-15,API Platform v2,Auth integration,3.75,Prototyped new approach,alice.chen@clockwise.test
2024-09-15,Support Portal,Canned responses,2,Updated documentation,bob.martinez@clockwise.test
2024-09-15,Internal Tools,Metrics collector,1.75,Performance optimization,carol.white@clockwise.test
2024-09-15,Cloud Migration,Secret management,3.75,Performance optimization,david.kim@clockwise.test
2024-09-15,Cloud Migration,Backup strategy,1.25,Cross-team collaboration,frank.lee@clockwise.test
2024-09-15,Mobile App Redesign,Offline sync,0.75,Prototyped new approach,zane.mitchell@clockwise.test
2024-09-16,Support Portal,Customer feedback form,4,Initial implementation,alice.chen@clockwise.test
2024-09-16,Mobile App Redesign,Biometric auth,4,Cleanup after release,carol.white@clockwise.test
2024-09-16,Mobile App Redesign,Navigation rework,5.25,Sprint planning,carol.white@clockwise.test
2024-09-16,Internal Tools,Audit log viewer,6.5,Initial implementation,david.kim@clockwise.test
2024-09-16,Support Portal,Customer feedback form,3.75,,eva.johnson@clockwise.test
2024-09-16,Cloud Migration,Secret management,0.5,Tech debt cleanup,zane.mitchell@clockwise.test
2024-09-17,API Platform v2,Performance profiling,2.75,Paired with team on implementation,bob.martinez@clockwise.test
2024-09-17,Design System,Design token migration,3.25,,carol.white@clockwise.test
2024-09-17,Design System,Token system,7,Sprint planning,eva.johnson@clockwise.test
2024-09-17,API Platform v2,REST endpoint impl,4.75,Updated documentation,frank.lee@clockwise.test
2024-09-17,Cloud Migration,Architecture planning,5,Paired with team on implementation,zane.mitchell@clockwise.test
2024-09-18,Design System,Grid layout system,0.75,,alice.chen@clockwise.test
2024-09-18,Support Portal,Satisfaction survey,4,Performance optimization,bob.martinez@clockwise.test
2024-09-18,API Platform v2,Webhook implementation,4.75,Database query optimization,carol.white@clockwise.test
2024-09-18,Cloud Migration,Cost analysis,0.75,Fixed edge cases,david.kim@clockwise.test
2024-09-18,Support Portal,Canned responses,1.75,Bug investigation,eva.johnson@clockwise.test
2024-09-18,API Platform v2,Input validation,2.25,Debugging production issue,zane.mitchell@clockwise.test
2024-09-19,API Platform v2,Auth integration,1.25,,carol.white@clockwise.test
2024-09-19,Mobile App Redesign,Splash screen,2.5,Fixed edge cases,david.kim@clockwise.test
2024-09-19,Mobile App Redesign,Navigation rework,0.5,Paired with team on implementation,eva.johnson@clockwise.test
2024-09-19,Mobile App Redesign,Biometric auth,1.25,Database query optimization,zane.mitchell@clockwise.test
2024-09-22,Cloud Migration,CDN configuration,2.25,Paired with team on implementation,alice.chen@clockwise.test
2024-09-22,Cloud Migration,CDN configuration,2.75,Bug investigation,david.kim@clockwise.test
2024-09-22,Design System,Dark mode,2.75,Code review and refactoring,eva.johnson@clockwise.test
2024-09-22,Automated Test Suite,Test framework setup,3,Prototyped new approach,frank.lee@clockwise.test
2024-09-22,Mobile App Redesign,Splash screen,2.25,,henry.zhao@clockwise.test
2024-09-22,Cloud Migration,Cost analysis,4.25,Added error handling,zane.mitchell@clockwise.test
2024-09-23,Design System,Grid layout system,3.75,Cross-team collaboration,bob.martinez@clockwise.test
2024-09-23,Support Portal,Ticket flow,4,Prototyped new approach,david.kim@clockwise.test
2024-09-23,Support Portal,Customer feedback form,1,Synced with stakeholders,eva.johnson@clockwise.test
2024-09-23,API Platform v2,Load testing,5.75,Database query optimization,frank.lee@clockwise.test
2024-09-23,Support Portal,Ticket flow,0.5,Synced with stakeholders,zane.mitchell@clockwise.test
2024-09-24,API Platform v2,API docs,1.25,Updated documentation,alice.chen@clockwise.test
2024-09-24,Automated Test Suite,CI pipeline,0.5,,bob.martinez@clockwise.test
2024-09-24,Automated Test Suite,Test fixtures,3.5,Paired with team on implementation,carol.white@clockwise.test
2024-09-24,Internal Tools,Deploy script,2.5,Cleanup after release,david.kim@clockwise.test
2024-09-24,Design System,Color token definitions,2.5,Added error handling,eva.johnson@clockwise.test
2024-09-24,Cloud Migration,Secret management,1.5,Addressed review comments,frank.lee@clockwise.test
2024-09-24,Support Portal,Satisfaction survey,2,Sprint planning,henry.zhao@clockwise.test
2024-09-25,API Platform v2,Rate limiting,4,Database query optimization,bob.martinez@clockwise.test
2024-09-25,Automated Test Suite,Test fixtures,0.5,Cleanup after release,carol.white@clockwise.test
2024-09-25,Internal Tools,Log viewer,3.75,Tech debt cleanup,david.kim@clockwise.test
2024-09-25,Mobile App Redesign,Animation prototyping,6,Synced with stakeholders,eva.johnson@clockwise.test
2024-09-25,Internal Tools,Audit log viewer,5.25,Initial implementation,eva.johnson@clockwise.test
2024-09-25,Design System,Storybook config,2.5,Bug investigation,frank.lee@clockwise.test
2024-09-26,Design System,Toast notifications,4,Performance optimization,alice.chen@clockwise.test
2024-09-26,Internal Tools,Seed data tooling,1.75,,david.kim@clockwise.test
2024-09-26,Support Portal,Knowledge base,1,Cross-team collaboration,eva.johnson@clockwise.test
2024-09-26,Automated Test Suite,Performance benchmarks,0.5,Added error handling,frank.lee@clockwise.test
2024-09-26,Automated Test Suite,E2E setup,0.75,Performance optimization,frank.lee@clockwise.test
2024-09-29,Automated Test Suite,Mock service setup,1.5,Performance optimization,bob.martinez@clockwise.test
2024-09-29,Automated Test Suite,Snapshot testing,1.5,Tech debt cleanup,carol.white@clockwise.test
2024-09-29,Cloud Migration,Architecture planning,1.75,Cleanup after release,david.kim@clockwise.test
2024-09-29,Mobile App Redesign,Wireframes,1.75,,eva.johnson@clockwise.test
2024-09-29,Mobile App Redesign,Splash screen,7.75,Cleanup after release,frank.lee@clockwise.test
2024-09-29,Automated Test Suite,E2E setup,2,Cleanup after release,henry.zhao@clockwise.test
2024-09-30,Cloud Migration,Disaster recovery plan,3,Synced with stakeholders,alice.chen@clockwise.test
2024-09-30,Mobile App Redesign,Splash screen,6,Code review and refactoring,carol.white@clockwise.test
2024-09-30,Cloud Migration,Network topology,0.75,Sprint planning,eva.johnson@clockwise.test
2024-09-30,API Platform v2,Middleware refactor,7,Paired with team on implementation,frank.lee@clockwise.test
2024-09-30,Support Portal,Agent dashboard,1.5,Reviewed PR and addressed feedback,henry.zhao@clockwise.test
2024-10-01,Support Portal,Customer feedback form,3,Prototyped new approach,carol.white@clockwise.test
2024-10-01,Mobile App Redesign,Performance tuning,1.25,Fixed edge cases,eva.johnson@clockwise.test
2024-10-01,Automated Test Suite,E2E test coverage,2.75,Added error handling,frank.lee@clockwise.test
2024-10-01,Internal Tools,Config management,6,Addressed review comments,henry.zhao@clockwise.test
2024-10-02,API Platform v2,Middleware refactor,1.25,Dependency upgrade,carol.white@clockwise.test
2024-10-02,Support Portal,Escalation workflow,2.5,Reviewed PR and addressed feedback,carol.white@clockwise.test
2024-10-02,API Platform v2,Middleware refactor,5,Fixed edge cases,eva.johnson@clockwise.test
2024-10-02,Automated Test Suite,CI pipeline,6,Wrote unit and integration tests,frank.lee@clockwise.test
2024-10-02,Automated Test Suite,Test parallelization,4,Wrote unit and integration tests,frank.lee@clockwise.test
2024-10-03,Automated Test Suite,Snapshot testing,3.75,Fixed edge cases,carol.white@clockwise.test
2024-10-03,Automated Test Suite,Test fixtures,0.75,Updated documentation,david.kim@clockwise.test
2024-10-03,Design System,Button component,6.25,Addressed review comments,eva.johnson@clockwise.test
2024-10-03,Mobile App Redesign,Deep linking,2,Deployed to staging,eva.johnson@clockwise.test
2024-10-03,API Platform v2,OpenAPI spec update,3.75,,frank.lee@clockwise.test
2024-10-06,Internal Tools,Environment provisioning,4,Fixed edge cases,alice.chen@clockwise.test
2024-10-06,API Platform v2,Performance profiling,3.75,Addressed review comments,carol.white@clockwise.test
2024-10-06,Internal Tools,Admin dashboard,2.75,Code review and refactoring,david.kim@clockwise.test
2024-10-06,Automated Test Suite,Coverage report,3.75,Code review and refactoring,eva.johnson@clockwise.test
2024-10-06,Mobile App Redesign,Animation prototyping,0.75,Cleanup after release,frank.lee@clockwise.test
2024-10-06,Internal Tools,Admin dashboard,2.25,Cleanup after release,henry.zhao@clockwise.test
2024-10-06,API Platform v2,Load testing,7,Fixed edge cases,zane.mitchell@clockwise.test
2024-10-07,Cloud Migration,Auto-scaling config,2.25,Fixed edge cases,david.kim@clockwise.test
2024-10-07,API Platform v2,Response caching,3.75,Debugging production issue,frank.lee@clockwise.test
2024-10-08,Mobile App Redesign,Dark mode support,6,Database query optimization,carol.white@clockwise.test
2024-10-08,Cloud Migration,SSL certificate setup,0.5,Addressed review comments,frank.lee@clockwise.test
2024-10-08,Automated Test Suite,Performance benchmarks,0.75,Cross-team collaboration,frank.lee@clockwise.test
2024-10-08,Support Portal,Customer feedback form,0.5,Updated documentation,henry.zhao@clockwise.test
2024-10-08,Design System,Grid layout system,0.75,Performance optimization,zane.mitchell@clockwise.test
2024-10-09,Support Portal,Priority routing,1.75,Addressed review comments,alice.chen@clockwise.test
2024-10-09,Automated Test Suite,E2E test coverage,1.75,Reviewed PR and addressed feedback,bob.martinez@clockwise.test
2024-10-09,Cloud Migration,Cost analysis,6,Bug investigation,carol.white@clockwise.test
2024-10-09,API Platform v2,REST endpoint impl,1.75,Paired with team on implementation,eva.johnson@clockwise.test
2024-10-09,Cloud Migration,Infra planning,5.25,Tech debt cleanup,frank.lee@clockwise.test
2024-10-09,Support Portal,Auto-response rules,5.5,Wrote unit and integration tests,henry.zhao@clockwise.test
2024-10-09,Mobile App Redesign,Wireframes,2.25,,zane.mitchell@clockwise.test
2024-10-10,API Platform v2,Response caching,1.25,,carol.white@clockwise.test
2024-10-10,API Platform v2,Pagination support,3.5,,eva.johnson@clockwise.test
2024-10-10,Automated Test Suite,Test parallelization,7.75,Database query optimization,frank.lee@clockwise.test
2024-10-13,Automated Test Suite,Mock service setup,3.25,Added error handling,carol.white@clockwise.test
2024-10-13,Cloud Migration,Monitoring setup,7,Addressed review comments,david.kim@clockwise.test
2024-10-13,Support Portal,Ticket flow,1.5,Sprint planning,eva.johnson@clockwise.test
2024-10-13,Automated Test Suite,Test parallelization,3.75,Deployed to staging,frank.lee@clockwise.test
2024-10-13,Cloud Migration,Cost analysis,0.75,Added error handling,henry.zhao@clockwise.test
2024-10-13,Support Portal,Canned responses,1,,zane.mitchell@clockwise.test
2024-10-14,API Platform v2,Webhook implementation,3.5,Bug investigation,alice.chen@clockwise.test
2024-10-14,Support Portal,SLA dashboard,2.5,Added error handling,carol.white@clockwise.test
2024-10-14,Automated Test Suite,Test framework setup,0.5,Cleanup after release,david.kim@clockwise.test
2024-10-14,Support Portal,FAQ page,7,Added error handling,eva.johnson@clockwise.test
2024-10-14,API Platform v2,OpenAPI spec update,3.75,Paired with team on implementation,frank.lee@clockwise.test
2024-10-14,Support Portal,Priority routing,5.25,Cleanup after release,henry.zhao@clockwise.test
2024-10-15,Internal Tools,Metrics collector,1,Cross-team collaboration,david.kim@clockwise.test
2024-10-15,Design System,Storybook config,1.25,,eva.johnson@clockwise.test
2024-10-15,API Platform v2,Load testing,4.25,Investigated edge case,frank.lee@clockwise.test
2024-10-15,Cloud Migration,DNS cutover,1,Tech debt cleanup,zane.mitchell@clockwise.test
2024-10-16,Automated Test Suite,Test framework setup,2,Bug investigation,carol.white@clockwise.test
2024-10-16,Internal Tools,Release automation,2.75,Investigated edge case,david.kim@clockwise.test
2024-10-16,Design System,Responsive utilities,7,Bug investigation,eva.johnson@clockwise.test
2024-10-16,Support Portal,Priority routing,6,Cleanup after release,henry.zhao@clockwise.test
2024-10-16,Cloud Migration,Terraform modules,3.5,Fixed edge cases,zane.mitchell@clockwise.test
2024-10-17,Automated Test Suite,Integration test harness,2.75,Paired with team on implementation,carol.white@clockwise.test
2024-10-17,Design System,Toast notifications,4.25,Added error handling,eva.johnson@clockwise.test
2024-10-17,Design System,Component library,3.75,Cleanup after release,frank.lee@clockwise.test
2024-10-17,Cloud Migration,Cost analysis,0.5,Performance optimization,zane.mitchell@clockwise.test
2024-10-20,Automated Test Suite,Test parallelization,3.5,Debugging production issue,carol.white@clockwise.test
2024-10-20,Support Portal,Satisfaction survey,2.25,Paired with team on implementation,eva.johnson@clockwise.test
2024-10-20,API Platform v2,OpenAPI spec update,3.25,Prototyped new approach,frank.lee@clockwise.test
2024-10-20,Design System,Color token definitions,1.5,Reviewed PR and addressed feedback,henry.zhao@clockwise.test
2024-10-21,Design System,Icon library,1.5,Paired with team on implementation,alice.chen@clockwise.test
2024-10-21,Mobile App Redesign,Biometric auth,3.5,Cross-team collaboration,carol.white@clockwise.test
2024-10-21,Design System,Accessibility audit,7,Dependency upgrade,eva.johnson@clockwise.test
2024-10-21,API Platform v2,Endpoint design,5.5,,frank.lee@clockwise.test
2024-10-21,Support Portal,SLA dashboard,4.75,Dependency upgrade,henry.zhao@clockwise.test
2024-10-21,API Platform v2,Code review,1.25,Cross-team collaboration,zane.mitchell@clockwise.test
2024-10-22,Design System,Dark mode,0.75,,eva.johnson@clockwise.test
2024-10-23,Automated Test Suite,Integration test harness,2.25,Paired with team on implementation,carol.white@clockwise.test
2024-10-23,Internal Tools,Metrics collector,4.25,Addressed review comments,eva.johnson@clockwise.test
2024-10-23,API Platform v2,Load testing,0.5,Synced with stakeholders,frank.lee@clockwise.test
2024-10-23,Mobile App Redesign,Gesture handling,0.5,Sprint planning,zane.mitchell@clockwise.test
2024-10-24,Support Portal,Status page,0.75,Paired with team on implementation,eva.johnson@clockwise.test
2024-10-24,API Platform v2,REST endpoint impl,1.75,Bug investigation,frank.lee@clockwise.test
2024-10-24,Support Portal,Agent dashboard,3.25,Dependency upgrade,henry.zhao@clockwise.test
2024-10-24,Cloud Migration,Container orchestration,1.75,Database query optimization,zane.mitchell@clockwise.test
2024-10-27,Internal Tools,Audit log viewer,0.5,Code review and refactoring,david.kim@clockwise.test
2024-10-27,Mobile App Redesign,Performance tuning,5.75,Performance optimization,eva.johnson@clockwise.test
2024-10-27,Design System,Color token definitions,1,Added error handling,frank.lee@clockwise.test
2024-10-27,Design System,Typography scale,0.75,Paired with team on implementation,henry.zhao@clockwise.test
2024-10-27,Cloud Migration,Secret management,3.5,Addressed review comments,zane.mitchell@clockwise.test
2024-10-28,Mobile App Redesign,Navigation rework,5.75,Dependency upgrade,carol.white@clockwise.test
2024-10-28,Cloud Migration,Container orchestration,0.75,Database query optimization,david.kim@clockwise.test
2024-10-28,Automated Test Suite,Write API tests,1,Performance optimization,frank.lee@clockwise.test
2024-10-28,Cloud Migration,Infra planning,0.5,Bug investigation,zane.mitchell@clockwise.test
2024-10-29,Internal Tools,Health checks,2.25,,bob.martinez@clockwise.test
2024-10-29,Cloud Migration,Backup strategy,0.5,Performance optimization,zane.mitchell@clockwise.test
2024-10-30,Mobile App Redesign,Push notifications,4,Cross-team collaboration,alice.chen@clockwise.test
2024-10-30,Mobile App Redesign,Wireframes,4.5,Addressed review comments,eva.johnson@clockwise.test
2024-10-30,Cloud Migration,Architecture planning,2,Paired with team on implementation,frank.lee@clockwise.test
2024-10-30,Mobile App Redesign,Gesture handling,3,,henry.zhao@clockwise.test
2024-10-31,Automated Test Suite,Flaky test fix,1,Prototyped new approach,bob.martinez@clockwise.test
2024-10-31,API Platform v2,Load testing,5.25,Investigated edge case,carol.white@clockwise.test
2024-10-31,Mobile App Redesign,Onboarding flow,5.25,Performance optimization,eva.johnson@clockwise.test
2024-10-31,API Platform v2,Schema migration,2.75,Debugging production issue,zane.mitchell@clockwise.test
2024-11-03,Internal Tools,Environment provisioning,2,Tech debt cleanup,alice.chen@clockwise.test
2024-11-03,API Platform v2,Security audit,2.75,Cross-team collaboration,carol.white@clockwise.test
2024-11-03,Internal Tools,Feature flag system,3.25,Tech debt cleanup,david.kim@clockwise.test
2024-11-03,Internal Tools,Metrics collector,0.75,,eva.johnson@clockwise.test
2024-11-03,API Platform v2,Auth integration,0.5,Paired with team on implementation,frank.lee@clockwise.test
2024-11-03,Internal Tools,Seed data tooling,2.75,Updated documentation,henry.zhao@clockwise.test
2024-11-03,Cloud Migration,Infra planning,1.25,Updated documentation,zane.mitchell@clockwise.test
2024-11-04,Mobile App Redesign,Wireframes,0.5,Debugging production issue,carol.white@clockwise.test
2024-11-04,Mobile App Redesign,Wireframes,1.5,Sprint planning,david.kim@clockwise.test
2024-11-04,Mobile App Redesign,Design review,1.25,Cross-team collaboration,eva.johnson@clockwise.test
2024-11-04,Cloud Migration,Architecture planning,3.75,Sprint planning,frank.lee@clockwise.test
2024-11-04,Internal Tools,Config management,2.75,Addressed review comments,henry.zhao@clockwise.test
2024-11-05,Automated Test Suite,Performance benchmarks,1,Debugging production issue,bob.martinez@clockwise.test
2024-11-05,Cloud Migration,Terraform modules,4.5,Database query optimization,carol.white@clockwise.test
2024-11-05,Cloud Migration,Database migration,1.75,,david.kim@clockwise.test
2024-11-05,Support Portal,Satisfaction survey,2,Fixed edge cases,eva.johnson@clockwise.test
2024-11-05,Cloud Migration,Load testing,7,Updated documentation,frank.lee@clockwise.test
2024-11-06,Automated Test Suite,Snapshot testing,0.5,Sprint planning,carol.white@clockwise.test
2024-11-06,Design System,Button component,2.75,Added error handling,eva.johnson@clockwise.test
2024-11-06,Automated Test Suite,Snapshot testing,0.5,Performance optimization,frank.lee@clockwise.test
2024-11-07,Automated Test Suite,Performance benchmarks,2.75,Added error handling,carol.white@clockwise.test
2024-11-07,Cloud Migration,Backup strategy,1.75,Bug investigation,david.kim@clockwise.test
2024-11-07,Internal Tools,Feature flag system,7,Performance optimization,eva.johnson@clockwise.test
2024-11-07,Automated Test Suite,Flaky test fix,3,Added error handling,frank.lee@clockwise.test
2024-11-07,Cloud Migration,Monitoring setup,7,Debugging production issue,zane.mitchell@clockwise.test
2024-11-10,API Platform v2,Response caching,0.5,Wrote unit and integration tests,alice.chen@clockwise.test
2024-11-10,Automated Test Suite,Write API tests,1.75,Debugging production issue,bob.martinez@clockwise.test
2024-11-10,Internal Tools,Audit log viewer,4.75,Database query optimization,carol.white@clockwise.test
2024-11-10,Design System,Button component,0.5,Debugging production issue,eva.johnson@clockwise.test
2024-11-10,Internal Tools,Feature flag system,1.5,,frank.lee@clockwise.test
2024-11-10,Internal Tools,Config management,0.75,Prototyped new approach,henry.zhao@clockwise.test
2024-11-10,API Platform v2,Load testing,0.5,,zane.mitchell@clockwise.test
2024-11-11,Cloud Migration,Terraform modules,5.25,Sprint planning,david.kim@clockwise.test
2024-11-11,Mobile App Redesign,Onboarding flow,4,Dependency upgrade,eva.johnson@clockwise.test
2024-11-11,Internal Tools,Log viewer,7,Cleanup after release,zane.mitchell@clockwise.test
2024-11-12,Design System,Accessibility audit,1,Updated documentation,eva.johnson@clockwise.test
2024-11-12,Automated Test Suite,Performance benchmarks,2.75,Tech debt cleanup,frank.lee@clockwise.test
2024-11-13,API Platform v2,Security audit,2.25,Added error handling,alice.chen@clockwise.test
2024-11-13,Mobile App Redesign,Push notifications,4,Performance optimization,carol.white@clockwise.test
2024-11-13,Cloud Migration,Secret management,2.5,Cleanup after release,david.kim@clockwise.test
2024-11-13,Mobile App Redesign,Push notifications,7,Bug investigation,eva.johnson@clockwise.test
2024-11-13,Support Portal,Customer feedback form,1.75,Paired with team on implementation,frank.lee@clockwise.test
2024-11-13,Support Portal,Priority routing,4,Addressed review comments,henry.zhao@clockwise.test
2024-11-13,Mobile App Redesign,Deep linking,1.75,Updated documentation,zane.mitchell@clockwise.test
2024-11-14,Automated Test Suite,E2E test coverage,7,Tech debt cleanup,david.kim@clockwise.test
2024-11-14,Mobile App Redesign,Biometric auth,0.5,Performance optimization,eva.johnson@clockwise.test
2024-11-14,Cloud Migration,Database migration,0.75,Prototyped new approach,zane.mitchell@clockwise.test
2024-11-17,Cloud Migration,SSL certificate setup,4,Database query optimization,alice.chen@clockwise.test
2024-11-17,API Platform v2,OpenAPI spec update,3.75,Paired with team on implementation,carol.white@clockwise.test
2024-11-17,Mobile App Redesign,Splash screen,7,Cross-team collaboration,eva.johnson@clockwise.test
2024-11-17,API Platform v2,OpenAPI spec update,4.25,,frank.lee@clockwise.test
2024-11-17,Support Portal,Priority routing,6,Added error handling,henry.zhao@clockwise.test
2024-11-18,API Platform v2,Schema migration,1.75,Investigated edge case,alice.chen@clockwise.test
2024-11-18,Support Portal,Escalation workflow,5.25,Code review and refactoring,carol.white@clockwise.test
2024-11-18,Support Portal,Canned responses,3.75,Prototyped new approach,eva.johnson@clockwise.test
2024-11-18,Cloud Migration,Auto-scaling config,1.75,,frank.lee@clockwise.test
2024-11-18,Internal Tools,Health checks,0.5,Code review and refactoring,henry.zhao@clockwise.test
2024-11-18,Automated Test Suite,Snapshot testing,2.25,Investigated edge case,zane.mitchell@clockwise.test
2024-11-19,Support Portal,Satisfaction survey,1.75,Cross-team collaboration,bob.martinez@clockwise.test
2024-11-19,Mobile App Redesign,Wireframes,5.75,Addressed review comments,carol.white@clockwise.test
2024-11-19,Cloud Migration,Monitoring setup,2,Addressed review comments,david.kim@clockwise.test
2024-11-19,Support Portal,Chat widget,2,Database query optimization,eva.johnson@clockwise.test
2024-11-19,API Platform v2,API docs,4.75,Bug investigation,zane.mitchell@clockwise.test
2024-11-20,Internal Tools,Audit log viewer,4,Cleanup after release,bob.martinez@clockwise.test
2024-11-20,API Platform v2,Error handling,6,Updated documentation,carol.white@clockwise.test
2024-11-20,Internal Tools,Config management,5,Wrote unit and integration tests,david.kim@clockwise.test
2024-11-20,Cloud Migration,DNS cutover,2,Deployed to staging,frank.lee@clockwise.test
2024-11-21,Internal Tools,Release automation,3.5,Deployed to staging,alice.chen@clockwise.test
2024-11-21,API Platform v2,OpenAPI spec update,1.5,Investigated edge case,carol.white@clockwise.test
2024-11-24,Mobile App Redesign,Deep linking,0.75,Updated documentation,alice.chen@clockwise.test
2024-11-24,Support Portal,Agent dashboard,1.75,Fixed edge cases,bob.martinez@clockwise.test
2024-11-24,API Platform v2,Security audit,1.5,Added error handling,carol.white@clockwise.test
2024-11-24,Internal Tools,Audit log viewer,4.25,Wrote unit and integration tests,david.kim@clockwise.test
2024-11-24,Support Portal,Escalation workflow,0.75,,eva.johnson@clockwise.test
2024-11-24,Automated Test Suite,E2E setup,3.25,Tech debt cleanup,frank.lee@clockwise.test
2024-11-24,Mobile App Redesign,Deep linking,1,Database query optimization,zane.mitchell@clockwise.test
2024-11-25,Design System,Responsive utilities,4,Reviewed PR and addressed feedback,alice.chen@clockwise.test
2024-11-25,Support Portal,Escalation workflow,1,Fixed edge cases,carol.white@clockwise.test
2024-11-25,Cloud Migration,Backup strategy,2.25,Synced with stakeholders,david.kim@clockwise.test
2024-11-25,Mobile App Redesign,Onboarding flow,1.25,Code review and refactoring,eva.johnson@clockwise.test
2024-11-25,API Platform v2,Performance profiling,3.75,,frank.lee@clockwise.test
2024-11-25,Support Portal,Priority routing,2,Wrote unit and integration tests,henry.zhao@clockwise.test
2024-11-25,Cloud Migration,DNS cutover,4,,zane.mitchell@clockwise.test
2024-11-26,API Platform v2,Code review,0.5,Code review and refactoring,carol.white@clockwise.test
2024-11-26,Support Portal,Status page,4.5,Database query optimization,eva.johnson@clockwise.test
2024-11-26,Automated Test Suite,Test fixtures,1.5,,frank.lee@clockwise.test
2024-11-26,Internal Tools,Audit log viewer,3.25,Investigated edge case,zane.mitchell@clockwise.test
2024-11-27,Mobile App Redesign,Animation prototyping,6,Synced with stakeholders,carol.white@clockwise.test
2024-11-27,Support Portal,Escalation workflow,3.5,Database query optimization,eva.johnson@clockwise.test
2024-11-27,Design System,Dark mode,1.5,,henry.zhao@clockwise.test
2024-11-27,Mobile App Redesign,Animation prototyping,2.25,Tech debt cleanup,zane.mitchell@clockwise.test
2024-11-28,Mobile App Redesign,Push notifications,0.5,,carol.white@clockwise.test
2024-11-28,Support Portal,Canned responses,0.75,,eva.johnson@clockwise.test
2024-11-28,Automated Test Suite,Snapshot testing,1.75,Reviewed PR and addressed feedback,frank.lee@clockwise.test
2024-11-28,Cloud Migration,Disaster recovery plan,2.25,Database query optimization,zane.mitchell@clockwise.test
2024-12-01,Support Portal,Chat widget,5.25,Initial implementation,eva.johnson@clockwise.test
2024-12-02,Design System,Toast notifications,1.75,Debugging production issue,eva.johnson@clockwise.test
2024-12-02,Automated Test Suite,Mock service setup,6.75,,frank.lee@clockwise.test
2024-12-02,Design System,Accessibility audit,1,Cross-team collaboration,henry.zhao@clockwise.test
2024-12-03,API Platform v2,REST endpoint impl,1.75,Deployed to staging,carol.white@clockwise.test
2024-12-03,Mobile App Redesign,Deep linking,4.5,Code review and refactoring,eva.johnson@clockwise.test
2024-12-03,API Platform v2,Schema migration,0.5,Prototyped new approach,frank.lee@clockwise.test
2024-12-03,Internal Tools,Health checks,1.5,Cleanup after release,henry.zhao@clockwise.test
2024-12-04,API Platform v2,Endpoint design,2.75,Investigated edge case,bob.martinez@clockwise.test
2024-12-04,Automated Test Suite,Write API tests,1.5,Addressed review comments,carol.white@clockwise.test
2024-12-04,Support Portal,Agent dashboard,1.75,Deployed to staging,eva.johnson@clockwise.test
2024-12-04,Cloud Migration,Container orchestration,6,Performance optimization,frank.lee@clockwise.test
2024-12-04,Automated Test Suite,Integration test harness,6,Sprint planning,henry.zhao@clockwise.test
2024-12-05,Mobile App Redesign,Deep linking,2.5,Updated documentation,alice.chen@clockwise.test
2024-12-05,Automated Test Suite,Snapshot testing,2.5,Initial implementation,bob.martinez@clockwise.test
2024-12-05,API Platform v2,Webhook implementation,1.75,Fixed edge cases,carol.white@clockwise.test
2024-12-05,Support Portal,Status page,0.75,Wrote unit and integration tests,david.kim@clockwise.test
2024-12-05,Cloud Migration,CDN configuration,1.25,Code review and refactoring,frank.lee@clockwise.test
2024-12-08,Support Portal,Knowledge base,0.75,Addressed review comments,bob.martinez@clockwise.test
2024-12-08,API Platform v2,Middleware refactor,5,Code review and refactoring,carol.white@clockwise.test
2024-12-08,Design System,Token system,3,Bug investigation,eva.johnson@clockwise.test
2024-12-08,API Platform v2,Webhook implementation,1.75,Dependency upgrade,zane.mitchell@clockwise.test
2024-12-09,API Platform v2,Endpoint design,3.5,Code review and refactoring,carol.white@clockwise.test
2024-12-09,Internal Tools,Admin dashboard,3,Synced with stakeholders,david.kim@clockwise.test
2024-12-09,Design System,Theme switcher,1,Updated documentation,eva.johnson@clockwise.test
2024-12-09,Automated Test Suite,Coverage report,1.5,Database query optimization,frank.lee@clockwise.test
2024-12-09,API Platform v2,OpenAPI spec update,0.75,,zane.mitchell@clockwise.test
2024-12-10,Mobile App Redesign,Offline sync,4.5,Addressed review comments,carol.white@clockwise.test
2024-12-10,Automated Test Suite,Flaky test fix,5.75,Bug investigation,eva.johnson@clockwise.test
2024-12-10,Automated Test Suite,Test fixtures,2,Deployed to staging,frank.lee@clockwise.test
2024-12-11,Automated Test Suite,Write API tests,5.75,,carol.white@clockwise.test
2024-12-11,Mobile App Redesign,Deep linking,4,Code review and refactoring,eva.johnson@clockwise.test
2024-12-11,Cloud Migration,Container orchestration,4,Code review and refactoring,frank.lee@clockwise.test
2024-12-11,Mobile App Redesign,Deep linking,2.75,Paired with team on implementation,henry.zhao@clockwise.test
2024-12-11,API Platform v2,Rate limiting,0.5,Code review and refactoring,zane.mitchell@clockwise.test
2024-12-12,Mobile App Redesign,Design review,6.75,,eva.johnson@clockwise.test
2024-12-12,Support Portal,Chat widget,1.5,Added error handling,frank.lee@clockwise.test
2024-12-15,API Platform v2,Rate limiting,1.75,Fixed edge cases,alice.chen@clockwise.test
2024-12-15,API Platform v2,Code review,1.75,Reviewed PR and addressed feedback,bob.martinez@clockwise.test
2024-12-15,Support Portal,Status page,2.75,Tech debt cleanup,eva.johnson@clockwise.test
2024-12-15,API Platform v2,Input validation,1.5,Deployed to staging,frank.lee@clockwise.test
2024-12-16,Automated Test Suite,E2E setup,6,Wrote unit and integration tests,carol.white@clockwise.test
2024-12-16,Cloud Migration,DNS cutover,0.5,Wrote unit and integration tests,eva.johnson@clockwise.test
2024-12-16,API Platform v2,OpenAPI spec update,0.5,Tech debt cleanup,frank.lee@clockwise.test
2024-12-16,Support Portal,Chat widget,4,Debugging production issue,henry.zhao@clockwise.test
2024-12-17,Cloud Migration,DNS cutover,5.25,Wrote unit and integration tests,frank.lee@clockwise.test
2024-12-17,Support Portal,Priority routing,0.5,,henry.zhao@clockwise.test
2024-12-18,Design System,Dark mode,0.5,Updated documentation,alice.chen@clockwise.test
2024-12-18,Automated Test Suite,E2E setup,2,Added error handling,bob.martinez@clockwise.test
2024-12-18,API Platform v2,Response caching,1.5,Initial implementation,carol.white@clockwise.test
2024-12-18,Cloud Migration,Auto-scaling config,1,Debugging production issue,david.kim@clockwise.test
2024-12-18,Support Portal,Admin panel,7,Tech debt cleanup,eva.johnson@clockwise.test
2024-12-19,Mobile App Redesign,Biometric auth,4.25,Wrote unit and integration tests,eva.johnson@clockwise.test
2024-12-19,Cloud Migration,Disaster recovery plan,4,Performance optimization,frank.lee@clockwise.test
2024-12-22,API Platform v2,OpenAPI spec update,4,Paired with team on implementation,alice.chen@clockwise.test
2024-12-22,Support Portal,Customer feedback form,4,Sprint planning,bob.martinez@clockwise.test
2024-12-22,Design System,Toast notifications,5.25,Added error handling,frank.lee@clockwise.test
2024-12-22,Design System,Typography scale,0.5,Paired with team on implementation,henry.zhao@clockwise.test
2024-12-22,Mobile App Redesign,Gesture handling,1.25,Tech debt cleanup,zane.mitchell@clockwise.test
2024-12-23,Automated Test Suite,Flaky test fix,2.5,Bug investigation,eva.johnson@clockwise.test
2024-12-23,API Platform v2,OpenAPI spec update,3.25,Prototyped new approach,frank.lee@clockwise.test
2024-12-23,API Platform v2,Webhook implementation,1.75,Added error handling,zane.mitchell@clockwise.test
2024-12-24,Internal Tools,Seed data tooling,0.75,Tech debt cleanup,bob.martinez@clockwise.test
2024-12-24,Automated Test Suite,CI pipeline,4.5,Code review and refactoring,david.kim@clockwise.test
2024-12-24,Design System,Dark mode,7,Performance optimization,eva.johnson@clockwise.test
2024-12-24,Internal Tools,Config management,5.75,Added error handling,henry.zhao@clockwise.test
2024-12-25,Cloud Migration,Infra planning,2.25,,david.kim@clockwise.test
2024-12-25,Internal Tools,Audit log viewer,2.25,Deployed to staging,eva.johnson@clockwise.test
2024-12-25,Cloud Migration,Monitoring setup,2.25,Synced with stakeholders,frank.lee@clockwise.test
2024-12-26,Mobile App Redesign,Push notifications,3,Performance optimization,eva.johnson@clockwise.test
2024-12-29,Mobile App Redesign,Push notifications,1.25,,carol.white@clockwise.test
2024-12-29,API Platform v2,REST endpoint impl,0.75,Code review and refactoring,carol.white@clockwise.test
2024-12-29,Internal Tools,Config management,2,Investigated edge case,david.kim@clockwise.test
2024-12-29,Mobile App Redesign,Push notifications,3.5,,eva.johnson@clockwise.test
2024-12-29,Cloud Migration,DNS cutover,5.75,Cleanup after release,eva.johnson@clockwise.test
2024-12-29,Cloud Migration,CDN configuration,0.75,,frank.lee@clockwise.test
2024-12-29,API Platform v2,Performance profiling,2.75,Paired with team on implementation,zane.mitchell@clockwise.test
2024-12-30,Internal Tools,Deploy script,2.25,Addressed review comments,bob.martinez@clockwise.test
2024-12-30,Automated Test Suite,E2E test coverage,3,,carol.white@clockwise.test
2024-12-30,Design System,Accessibility audit,7,,eva.johnson@clockwise.test
2024-12-30,Mobile App Redesign,Push notifications,0.75,Investigated edge case,eva.johnson@clockwise.test
2024-12-30,Automated Test Suite,Write API tests,1.25,Code review and refactoring,frank.lee@clockwise.test
2024-12-30,Mobile App Redesign,Offline sync,4.75,Investigated edge case,zane.mitchell@clockwise.test
2024-12-31,Internal Tools,Config management,1,Initial implementation,bob.martinez@clockwise.test
2024-12-31,Cloud Migration,DNS cutover,3.5,Addressed review comments,carol.white@clockwise.test
2024-12-31,Internal Tools,Seed data tooling,0.75,Dependency upgrade,david.kim@clockwise.test
2024-12-31,Support Portal,Ticket flow,5.25,Cross-team collaboration,eva.johnson@clockwise.test
2024-12-31,Automated Test Suite,Test framework setup,0.75,Cleanup after release,frank.lee@clockwise.test
2024-12-31,Support Portal,Agent dashboard,2,Performance optimization,frank.lee@clockwise.test
2024-12-31,Design System,Accessibility audit,2.5,Code review and refactoring,henry.zhao@clockwise.test
2025-01-01,API Platform v2,Pagination support,6,Investigated edge case,carol.white@clockwise.test
2025-01-01,Mobile App Redesign,Biometric auth,5.75,Cross-team collaboration,david.kim@clockwise.test
2025-01-01,Automated Test Suite,Write API tests,1.75,Database query optimization,frank.lee@clockwise.test
2025-01-01,API Platform v2,Error handling,0.75,Performance optimization,frank.lee@clockwise.test
2025-01-01,Internal Tools,Environment provisioning,2.5,Cleanup after release,henry.zhao@clockwise.test
2025-01-01,Mobile App Redesign,Navigation rework,0.5,Code review and refactoring,henry.zhao@clockwise.test
2025-01-01,Cloud Migration,Load testing,3.25,,zane.mitchell@clockwise.test
2025-01-01,Cloud Migration,Container orchestration,5,,zane.mitchell@clockwise.test
2025-01-02,Mobile App Redesign,Splash screen,2.25,Added error handling,carol.white@clockwise.test
2025-01-02,Internal Tools,Config management,7,,david.kim@clockwise.test
2025-01-02,Mobile App Redesign,Offline sync,1.5,Updated documentation,frank.lee@clockwise.test
2025-01-02,Cloud Migration,Secret management,3,Performance optimization,frank.lee@clockwise.test
2025-01-02,Support Portal,Chat widget,2.75,Code review and refactoring,henry.zhao@clockwise.test
2025-01-02,Cloud Migration,Cost analysis,3,Debugging production issue,zane.mitchell@clockwise.test
2025-01-02,Cloud Migration,Monitoring setup,0.5,Updated documentation,zane.mitchell@clockwise.test
2025-01-05,Cloud Migration,Auto-scaling config,0.5,Code review and refactoring,alice.chen@clockwise.test
2025-01-05,Cloud Migration,Terraform modules,3.25,Added error handling,david.kim@clockwise.test
2025-01-05,Automated Test Suite,E2E setup,1.5,Initial implementation,frank.lee@clockwise.test
2025-01-05,Mobile App Redesign,Performance tuning,3.75,Cleanup after release,zane.mitchell@clockwise.test
2025-01-06,Mobile App Redesign,Gesture handling,2.5,Wrote unit and integration tests,carol.white@clockwise.test
2025-01-06,Internal Tools,Metrics collector,5.75,Fixed edge cases,david.kim@clockwise.test
2025-01-06,Mobile App Redesign,Dark mode support,5.75,Cleanup after release,eva.johnson@clockwise.test
2025-01-06,Cloud Migration,Backup strategy,2.25,Added error handling,frank.lee@clockwise.test
2025-01-06,Mobile App Redesign,Push notifications,0.5,Wrote unit and integration tests,zane.mitchell@clockwise.test
2025-01-07,API Platform v2,Input validation,3.75,Tech debt cleanup,bob.martinez@clockwise.test
2025-01-07,Cloud Migration,DNS cutover,4.25,Cleanup after release,david.kim@clockwise.test
2025-01-07,Support Portal,Auto-response rules,1.75,Deployed to staging,eva.johnson@clockwise.test
2025-01-07,Automated Test Suite,Flaky test fix,2.5,,frank.lee@clockwise.test
2025-01-07,Support Portal,Customer feedback form,1,Addressed review comments,zane.mitchell@clockwise.test
2025-01-08,Cloud Migration,Cost analysis,5.25,Added error handling,david.kim@clockwise.test
2025-01-08,API Platform v2,Auth integration,1,,frank.lee@clockwise.test
2025-01-08,Cloud Migration,Database migration,1.75,Performance optimization,zane.mitchell@clockwise.test
2025-01-09,API Platform v2,Webhook implementation,2,Performance optimization,carol.white@clockwise.test
2025-01-09,Design System,Theme switcher,2.75,Initial implementation,eva.johnson@clockwise.test
2025-01-09,API Platform v2,Webhook implementation,3.25,Initial implementation,frank.lee@clockwise.test
2025-01-09,Design System,Icon library,2.75,Investigated edge case,zane.mitchell@clockwise.test
2025-01-12,API Platform v2,Input validation,3,Dependency upgrade,alice.chen@clockwise.test
2025-01-12,Support Portal,Admin panel,3.25,,bob.martinez@clockwise.test
2025-01-12,Internal Tools,Database query tool,3,Deployed to staging,carol.white@clockwise.test
2025-01-12,Internal Tools,Log viewer,4,Investigated edge case,david.kim@clockwise.test
2025-01-12,Mobile App Redesign,Biometric auth,3,Sprint planning,eva.johnson@clockwise.test
2025-01-12,Design System,Component library,6,Bug investigation,henry.zhao@clockwise.test
2025-01-13,Cloud Migration,DNS cutover,1,Added error handling,alice.chen@clockwise.test
2025-01-13,API Platform v2,OpenAPI spec update,3.25,Database query optimization,carol.white@clockwise.test
2025-01-13,Support Portal,Escalation workflow,7,Addressed review comments,eva.johnson@clockwise.test
2025-01-13,Design System,Button component,0.5,Performance optimization,henry.zhao@clockwise.test
2025-01-13,API Platform v2,REST endpoint impl,0.5,Paired with team on implementation,zane.mitchell@clockwise.test
2025-01-14,Automated Test Suite,Integration test harness,3.75,Initial implementation,carol.white@clockwise.test
2025-01-14,Cloud Migration,Cost analysis,0.5,Performance optimization,david.kim@clockwise.test
2025-01-14,Design System,Accessibility audit,2.75,Tech debt cleanup,frank.lee@clockwise.test
2025-01-15,Internal Tools,Environment provisioning,1,Performance optimization,bob.martinez@clockwise.test
2025-01-15,Design System,Dark mode,5.25,Synced with stakeholders,carol.white@clockwise.test
2025-01-15,Design System,Button component,5.25,,eva.johnson@clockwise.test
2025-01-15,API Platform v2,Load testing,6,Deployed to staging,zane.mitchell@clockwise.test
2025-01-16,Mobile App Redesign,Performance tuning,0.75,Deployed to staging,alice.chen@clockwise.test
2025-01-16,API Platform v2,Load testing,0.5,Initial implementation,carol.white@clockwise.test
2025-01-16,Support Portal,Satisfaction survey,2.5,Dependency upgrade,eva.johnson@clockwise.test
2025-01-16,Automated Test Suite,Test parallelization,3.25,Paired with team on implementation,frank.lee@clockwise.test
2025-01-16,Support Portal,Customer feedback form,5,Cross-team collaboration,henry.zhao@clockwise.test
2025-01-19,Support Portal,Satisfaction survey,2.25,Fixed edge cases,carol.white@clockwise.test
2025-01-19,API Platform v2,Load testing,2,Synced with stakeholders,david.kim@clockwise.test
2025-01-19,Mobile App Redesign,Offline sync,0.5,,eva.johnson@clockwise.test
2025-01-19,Automated Test Suite,Write API tests,3.5,Investigated edge case,frank.lee@clockwise.test
2025-01-19,Internal Tools,Database query tool,1.25,Sprint planning,henry.zhao@clockwise.test
2025-01-19,Automated Test Suite,CI pipeline,1.75,,zane.mitchell@clockwise.test
2025-01-20,Design System,Color token definitions,0.5,Addressed review comments,alice.chen@clockwise.test
2025-01-20,Automated Test Suite,Flaky test fix,4,Reviewed PR and addressed feedback,bob.martinez@clockwise.test
2025-01-20,API Platform v2,Endpoint design,3.75,Dependency upgrade,carol.white@clockwise.test
2025-01-20,Mobile App Redesign,Offline sync,3,Addressed review comments,eva.johnson@clockwise.test
2025-01-20,Design System,Dark mode,5,Sprint planning,henry.zhao@clockwise.test
2025-01-20,Design System,Responsive utilities,5.25,Debugging production issue,zane.mitchell@clockwise.test
2025-01-21,Automated Test Suite,Flaky test fix,0.5,Debugging production issue,frank.lee@clockwise.test
2025-01-22,Internal Tools,Environment provisioning,0.75,,alice.chen@clockwise.test
2025-01-22,Support Portal,Priority routing,1.75,,eva.johnson@clockwise.test
2025-01-22,Automated Test Suite,Write API tests,1,Prototyped new approach,frank.lee@clockwise.test
2025-01-22,API Platform v2,OpenAPI spec update,3.25,,zane.mitchell@clockwise.test
2025-01-23,Cloud Migration,DNS cutover,2.75,Sprint planning,alice.chen@clockwise.test
2025-01-23,Automated Test Suite,Test parallelization,5.5,Added error handling,david.kim@clockwise.test
2025-01-23,Support Portal,Status page,2.75,Deployed to staging,eva.johnson@clockwise.test
2025-01-23,Mobile App Redesign,Navigation rework,4,Added error handling,zane.mitchell@clockwise.test
2025-01-26,Design System,Accessibility audit,1,Fixed edge cases,alice.chen@clockwise.test
2025-01-26,API Platform v2,Rate limiting,1.25,Wrote unit and integration tests,carol.white@clockwise.test
2025-01-26,Automated Test Suite,CI pipeline,5,Code review and refactoring,david.kim@clockwise.test
2025-01-26,Mobile App Redesign,Offline sync,4.75,Bug investigation,eva.johnson@clockwise.test
2025-01-27,Design System,Form components,3.75,Synced with stakeholders,alice.chen@clockwise.test
2025-01-27,Support Portal,Chat widget,1,Addressed review comments,bob.martinez@clockwise.test
2025-01-27,Automated Test Suite,Write API tests,3.25,Debugging production issue,carol.white@clockwise.test
2025-01-27,Design System,Design token migration,1,Deployed to staging,eva.johnson@clockwise.test
2025-01-27,API Platform v2,Auth integration,5,Updated documentation,frank.lee@clockwise.test
2025-01-28,Mobile App Redesign,Navigation rework,0.75,Synced with stakeholders,carol.white@clockwise.test
2025-01-28,Internal Tools,Health checks,0.5,Synced with stakeholders,david.kim@clockwise.test
2025-01-28,Support Portal,Auto-response rules,1.75,Deployed to staging,eva.johnson@clockwise.test
2025-01-28,Automated Test Suite,Integration test harness,2.75,,frank.lee@clockwise.test
2025-01-29,Cloud Migration,Cost analysis,4,Reviewed PR and addressed feedback,alice.chen@clockwise.test
2025-01-29,Internal Tools,Log viewer,0.5,Performance optimization,bob.martinez@clockwise.test
2025-01-29,API Platform v2,Response caching,6,,carol.white@clockwise.test
2025-01-30,Design System,Grid layout system,2,Synced with stakeholders,eva.johnson@clockwise.test
2025-01-30,API Platform v2,Webhook implementation,4.25,Database query optimization,frank.lee@clockwise.test
2025-02-02,Internal Tools,Config management,5.5,Investigated edge case,david.kim@clockwise.test
2025-02-02,Cloud Migration,Infra planning,0.5,,eva.johnson@clockwise.test
2025-02-02,Mobile App Redesign,Animation prototyping,1,Initial implementation,zane.mitchell@clockwise.test
2025-02-03,Support Portal,Customer feedback form,4,Sprint planning,bob.martinez@clockwise.test
2025-02-03,API Platform v2,OpenAPI spec update,3.75,Tech debt cleanup,carol.white@clockwise.test
2025-02-03,Design System,Token system,1.25,Wrote unit and integration tests,eva.johnson@clockwise.test
2025-02-03,Cloud Migration,Backup strategy,4.25,Prototyped new approach,frank.lee@clockwise.test
2025-02-04,Support Portal,Satisfaction survey,0.5,Synced with stakeholders,eva.johnson@clockwise.test
2025-02-04,Automated Test Suite,Coverage report,1.75,Addressed review comments,zane.mitchell@clockwise.test
2025-02-05,API Platform v2,Error handling,3.75,Wrote unit and integration tests,alice.chen@clockwise.test
2025-02-05,Internal Tools,Deploy script,2.25,Performance optimization,bob.martinez@clockwise.test
2025-02-05,Design System,Component library,1,Added error handling,carol.white@clockwise.test
2025-02-05,Cloud Migration,Cost analysis,0.75,,david.kim@clockwise.test
2025-02-05,Design System,Button component,4,Database query optimization,eva.johnson@clockwise.test
2025-02-05,Automated Test Suite,E2E test coverage,1,Wrote unit and integration tests,frank.lee@clockwise.test
2025-02-05,Mobile App Redesign,Design review,6,Sprint planning,henry.zhao@clockwise.test
2025-02-05,Cloud Migration,Auto-scaling config,0.5,Paired with team on implementation,zane.mitchell@clockwise.test
2025-02-06,Mobile App Redesign,Deep linking,6,,carol.white@clockwise.test
2025-02-06,Cloud Migration,CDN configuration,1.75,Addressed review comments,david.kim@clockwise.test
2025-02-06,Support Portal,Satisfaction survey,0.75,Database query optimization,eva.johnson@clockwise.test
2025-02-09,API Platform v2,Load testing,5.75,Prototyped new approach,carol.white@clockwise.test
2025-02-09,Support Portal,Admin panel,1.75,Initial implementation,eva.johnson@clockwise.test
2025-02-09,Cloud Migration,Cost analysis,3.75,,frank.lee@clockwise.test
2025-02-09,API Platform v2,Input validation,0.5,Updated documentation,zane.mitchell@clockwise.test
2025-02-10,Cloud Migration,Load testing,4,Reviewed PR and addressed feedback,alice.chen@clockwise.test
2025-02-10,Mobile App Redesign,Onboarding flow,3.25,Deployed to staging,bob.martinez@clockwise.test
2025-02-10,API Platform v2,Load testing,0.75,Updated documentation,carol.white@clockwise.test
2025-02-10,Mobile App Redesign,Dark mode support,3.25,Cross-team collaboration,david.kim@clockwise.test
2025-02-10,Mobile App Redesign,Push notifications,5,,eva.johnson@clockwise.test
2025-02-10,Cloud Migration,Secret management,4.25,Bug investigation,frank.lee@clockwise.test
2025-02-11,Design System,Design token migration,3.5,,alice.chen@clockwise.test
2025-02-11,API Platform v2,Rate limiting,1,Tech debt cleanup,carol.white@clockwise.test
2025-02-11,Mobile App Redesign,Navigation rework,6,Updated documentation,eva.johnson@clockwise.test
2025-02-11,API Platform v2,Webhook implementation,0.75,Code review and refactoring,zane.mitchell@clockwise.test
2025-02-12,Mobile App Redesign,Animation prototyping,3.25,Fixed edge cases,eva.johnson@clockwise.test
2025-02-12,Support Portal,Knowledge base,5.75,,frank.lee@clockwise.test
2025-02-12,Internal Tools,Deploy script,6,Investigated edge case,henry.zhao@clockwise.test
2025-02-13,Automated Test Suite,Snapshot testing,4.5,Addressed review comments,frank.lee@clockwise.test
2025-02-13,Support Portal,Admin panel,2.25,,henry.zhao@clockwise.test
2025-02-13,Internal Tools,Audit log viewer,1.5,Paired with team on implementation,zane.mitchell@clockwise.test
2025-02-16,API Platform v2,API docs,1,Reviewed PR and addressed feedback,alice.chen@clockwise.test
2025-02-16,Cloud Migration,Monitoring setup,4,,eva.johnson@clockwise.test
2025-02-16,Cloud Migration,SSL certificate setup,1.25,Updated documentation,henry.zhao@clockwise.test
2025-02-16,Mobile App Redesign,Animation prototyping,7,Cross-team collaboration,zane.mitchell@clockwise.test
2025-02-17,Cloud Migration,Monitoring setup,1.5,Tech debt cleanup,alice.chen@clockwise.test
2025-02-17,Cloud Migration,Container orchestration,1,Addressed review comments,carol.white@clockwise.test
2025-02-17,Mobile App Redesign,Onboarding flow,2.75,,eva.johnson@clockwise.test
2025-02-17,Mobile App Redesign,Performance tuning,5.75,Wrote unit and integration tests,zane.mitchell@clockwise.test
2025-02-19,Internal Tools,Admin dashboard,2.25,Synced with stakeholders,carol.white@clockwise.test
2025-02-19,Support Portal,Satisfaction survey,0.5,,eva.johnson@clockwise.test
2025-02-19,Internal Tools,Deploy script,7,Performance optimization,zane.mitchell@clockwise.test
2025-02-20,Design System,Color token definitions,3.5,Performance optimization,eva.johnson@clockwise.test
2025-02-23,API Platform v2,Schema migration,4.75,,carol.white@clockwise.test
2025-02-23,Cloud Migration,Infra planning,1.75,,david.kim@clockwise.test
2025-02-23,Design System,Design token migration,2.25,Cross-team collaboration,eva.johnson@clockwise.test
2025-02-23,Automated Test Suite,E2E test coverage,1.75,Reviewed PR and addressed feedback,frank.lee@clockwise.test
2025-02-23,API Platform v2,Rate limiting,0.5,,henry.zhao@clockwise.test
2025-02-23,API Platform v2,Load testing,0.75,,zane.mitchell@clockwise.test
2025-02-24,Design System,Dark mode,0.5,Added error handling,eva.johnson@clockwise.test
2025-02-24,API Platform v2,Input validation,1.25,Addressed review comments,frank.lee@clockwise.test
2025-02-24,Design System,Grid layout system,4.25,Database query optimization,henry.zhao@clockwise.test
2025-02-24,API Platform v2,Security audit,2.25,Added error handling,zane.mitchell@clockwise.test
2025-02-25,Internal Tools,Database query tool,3.75,Sprint planning,alice.chen@clockwise.test
2025-02-25,Internal Tools,Config management,4,Investigated edge case,bob.martinez@clockwise.test
2025-02-25,Automated Test Suite,E2E test coverage,1.75,Cleanup after release,frank.lee@clockwise.test
2025-02-25,Internal Tools,Environment provisioning,0.75,Bug investigation,henry.zhao@clockwise.test
2025-02-25,API Platform v2,Load testing,1.25,Initial implementation,zane.mitchell@clockwise.test
2025-02-26,Mobile App Redesign,Dark mode support,4,Initial implementation,bob.martinez@clockwise.test
2025-02-26,Mobile App Redesign,Navigation rework,5,Updated documentation,carol.white@clockwise.test
2025-02-26,Support Portal,Status page,1.5,Prototyped new approach,eva.johnson@clockwise.test
2025-02-26,API Platform v2,Endpoint design,3.5,Prototyped new approach,frank.lee@clockwise.test
2025-02-27,API Platform v2,Rate limiting,3.25,Debugging production issue,carol.white@clockwise.test
2025-02-27,Support Portal,Priority routing,0.5,Fixed edge cases,eva.johnson@clockwise.test
2025-02-27,API Platform v2,Response caching,0.5,Prototyped new approach,zane.mitchell@clockwise.test
2025-03-02,Internal Tools,Release automation,2.75,Reviewed PR and addressed feedback,david.kim@clockwise.test
2025-03-02,Design System,Color token definitions,3.5,,frank.lee@clockwise.test
2025-03-03,Automated Test Suite,Visual regression tests,3.75,Investigated edge case,bob.martinez@clockwise.test
2025-03-03,Mobile App Redesign,Animation prototyping,7,Tech debt cleanup,eva.johnson@clockwise.test
2025-03-03,Cloud Migration,Infra planning,4.75,Database query optimization,frank.lee@clockwise.test
2025-03-04,Cloud Migration,Terraform modules,0.5,Added error handling,david.kim@clockwise.test
2025-03-04,Internal Tools,Environment provisioning,0.5,,eva.johnson@clockwise.test
2025-03-04,Internal Tools,Environment provisioning,5.25,Updated documentation,henry.zhao@clockwise.test
2025-03-05,Cloud Migration,Network topology,3.25,Deployed to staging,david.kim@clockwise.test
2025-03-05,Design System,Responsive utilities,1.75,Database query optimization,eva.johnson@clockwise.test
2025-03-05,API Platform v2,Pagination support,3.25,Database query optimization,frank.lee@clockwise.test
2025-03-05,Mobile App Redesign,Navigation rework,0.75,Deployed to staging,zane.mitchell@clockwise.test
2025-03-06,Cloud Migration,Network topology,2,Sprint planning,frank.lee@clockwise.test
2025-03-09,Cloud Migration,Auto-scaling config,0.5,Bug investigation,carol.white@clockwise.test
2025-03-09,Support Portal,Agent dashboard,2.25,,eva.johnson@clockwise.test
2025-03-09,Design System,Storybook config,2.5,Reviewed PR and addressed feedback,frank.lee@clockwise.test
2025-03-09,Design System,Toast notifications,5,Cross-team collaboration,zane.mitchell@clockwise.test
2025-03-10,API Platform v2,OpenAPI spec update,3.5,Cleanup after release,alice.chen@clockwise.test
2025-03-10,Cloud Migration,DNS cutover,5.75,Added error handling,zane.mitchell@clockwise.test
2025-03-11,Cloud Migration,DNS cutover,0.5,Performance optimization,carol.white@clockwise.test
2025-03-12,API Platform v2,Pagination support,0.5,Cross-team collaboration,carol.white@clockwise.test
2025-03-12,API Platform v2,OpenAPI spec update,0.75,,frank.lee@clockwise.test
2025-03-12,API Platform v2,Middleware refactor,3.75,Cross-team collaboration,zane.mitchell@clockwise.test
2025-03-13,Internal Tools,Health checks,3.5,Dependency upgrade,bob.martinez@clockwise.test
2025-03-13,Mobile App Redesign,Animation prototyping,5.75,Performance optimization,carol.white@clockwise.test
2025-03-13,Support Portal,Priority routing,0.75,Synced with stakeholders,david.kim@clockwise.test
2025-03-13,Support Portal,Auto-response rules,0.75,Fixed edge cases,eva.johnson@clockwise.test
2025-03-16,Mobile App Redesign,Deep linking,0.5,Added error handling,carol.white@clockwise.test
2025-03-16,Internal Tools,Feature flag system,2.5,Performance optimization,david.kim@clockwise.test
2025-03-16,Mobile App Redesign,Wireframes,5,Updated documentation,eva.johnson@clockwise.test
2025-03-16,Cloud Migration,Container orchestration,7.5,Tech debt cleanup,frank.lee@clockwise.test
2025-03-16,Support Portal,Ticket flow,5.5,Addressed review comments,henry.zhao@clockwise.test
2025-03-17,Automated Test Suite,Flaky test fix,0.75,Sprint planning,carol.white@clockwise.test
2025-03-17,Internal Tools,Feature flag system,4.25,,david.kim@clockwise.test
2025-03-17,Support Portal,Canned responses,5.75,Bug investigation,henry.zhao@clockwise.test
2025-03-17,API Platform v2,Error handling,2,Added error handling,zane.mitchell@clockwise.test
2025-03-18,Automated Test Suite,Flaky test fix,1.5,Addressed review comments,bob.martinez@clockwise.test
2025-03-18,API Platform v2,API docs,0.5,,carol.white@clockwise.test
2025-03-18,Cloud Migration,Monitoring setup,2.75,Dependency upgrade,frank.lee@clockwise.test
2025-03-18,Cloud Migration,Auto-scaling config,2,,zane.mitchell@clockwise.test
2025-03-19,Internal Tools,Environment provisioning,4,Bug investigation,bob.martinez@clockwise.test
2025-03-19,Internal Tools,Health checks,5.5,Paired with team on implementation,carol.white@clockwise.test
2025-03-19,Mobile App Redesign,Splash screen,1.75,Code review and refactoring,eva.johnson@clockwise.test
2025-03-20,Cloud Migration,Backup strategy,1.75,Paired with team on implementation,zane.mitchell@clockwise.test
2025-03-23,API Platform v2,Response caching,6,Debugging production issue,carol.white@clockwise.test
2025-03-23,Design System,Typography scale,7,Synced with stakeholders,eva.johnson@clockwise.test
2025-03-23,Mobile App Redesign,Biometric auth,2.5,Initial implementation,frank.lee@clockwise.test
2025-03-24,Support Portal,Canned responses,4.5,Code review and refactoring,eva.johnson@clockwise.test
2025-03-24,Cloud Migration,Container orchestration,5,,frank.lee@clockwise.test
2025-03-24,Cloud Migration,Infra planning,3.75,,henry.zhao@clockwise.test
2025-03-24,Cloud Migration,Disaster recovery plan,2,Tech debt cleanup,zane.mitchell@clockwise.test
2025-03-25,Cloud Migration,Terraform modules,2,Code review and refactoring,bob.martinez@clockwise.test
2025-03-25,Cloud Migration,DNS cutover,7.5,,frank.lee@clockwise.test
2025-03-25,API Platform v2,Load testing,0.75,Debugging production issue,zane.mitchell@clockwise.test
2025-03-26,Support Portal,FAQ page,6,Paired with team on implementation,carol.white@clockwise.test
2025-03-26,Design System,Responsive utilities,6,Prototyped new approach,david.kim@clockwise.test
2025-03-26,Support Portal,Chat widget,2.75,,eva.johnson@clockwise.test
2025-03-26,API Platform v2,OpenAPI spec update,3.5,Initial implementation,frank.lee@clockwise.test
2025-03-27,Automated Test Suite,Test fixtures,3.25,Investigated edge case,carol.white@clockwise.test
2025-03-27,Internal Tools,Admin dashboard,4.75,Fixed edge cases,david.kim@clockwise.test
2025-03-27,Support Portal,SLA dashboard,2,Added error handling,eva.johnson@clockwise.test
2025-03-30,Internal Tools,Environment provisioning,2.5,Synced with stakeholders,bob.martinez@clockwise.test
2025-03-30,Automated Test Suite,Test fixtures,0.75,Wrote unit and integration tests,carol.white@clockwise.test
2025-03-30,Internal Tools,Seed data tooling,4.75,Wrote unit and integration tests,david.kim@clockwise.test
2025-03-30,Support Portal,Priority routing,7,Investigated edge case,eva.johnson@clockwise.test
2025-03-30,Automated Test Suite,Integration test harness,2.75,Addressed review comments,frank.lee@clockwise.test
2025-03-31,Support Portal,Agent dashboard,6,Cross-team collaboration,carol.white@clockwise.test
2025-03-31,Design System,Grid layout system,1.75,Fixed edge cases,eva.johnson@clockwise.test
2025-03-31,API Platform v2,Endpoint design,2.25,Synced with stakeholders,frank.lee@clockwise.test
2025-03-31,Design System,Button component,5.25,,henry.zhao@clockwise.test
2025-04-01,Support Portal,Chat widget,7,,eva.johnson@clockwise.test
2025-04-01,Automated Test Suite,E2E setup,4,Updated documentation,frank.lee@clockwise.test
2025-04-01,Internal Tools,Audit log viewer,3.25,Added error handling,zane.mitchell@clockwise.test
2025-04-02,Design System,Theme switcher,4,,alice.chen@clockwise.test
2025-04-02,Internal Tools,Health checks,2.75,Debugging production issue,bob.martinez@clockwise.test
2025-04-02,Automated Test Suite,Mock service setup,1.25,Cross-team collaboration,carol.white@clockwise.test
2025-04-02,Internal Tools,Log viewer,2.75,,david.kim@clockwise.test
2025-04-02,API Platform v2,Rate limiting,0.75,Paired with team on implementation,frank.lee@clockwise.test
2025-04-02,Internal Tools,Config management,6,Cleanup after release,henry.zhao@clockwise.test
2025-04-02,Cloud Migration,Auto-scaling config,1,,zane.mitchell@clockwise.test
2025-04-03,Automated Test Suite,Performance benchmarks,1.75,Database query optimization,carol.white@clockwise.test
2025-04-03,Mobile App Redesign,Onboarding flow,2,Reviewed PR and addressed feedback,david.kim@clockwise.test
2025-04-03,Design System,Storybook config,0.5,,eva.johnson@clockwise.test
2025-04-06,Design System,Button component,0.5,Debugging production issue,alice.chen@clockwise.test
2025-04-06,Automated Test Suite,Test parallelization,5.5,Bug investigation,carol.white@clockwise.test
2025-04-06,API Platform v2,Security audit,0.5,Performance optimization,frank.lee@clockwise.test
2025-04-06,Cloud Migration,CDN configuration,1.25,Wrote unit and integration tests,zane.mitchell@clockwise.test
2025-04-07,API Platform v2,Webhook implementation,3.5,Cross-team collaboration,carol.white@clockwise.test
2025-04-07,Design System,Toast notifications,7,Added error handling,eva.johnson@clockwise.test
2025-04-07,Automated Test Suite,CI pipeline,3,Initial implementation,frank.lee@clockwise.test
2025-04-07,Support Portal,SLA dashboard,5,Code review and refactoring,henry.zhao@clockwise.test
2025-04-07,Mobile App Redesign,Deep linking,0.5,,zane.mitchell@clockwise.test
2025-04-08,Mobile App Redesign,Performance tuning,1.75,Added error handling,carol.white@clockwise.test
2025-04-08,Internal Tools,Admin dashboard,2.75,,david.kim@clockwise.test
2025-04-08,Mobile App Redesign,Performance tuning,1.75,Performance optimization,zane.mitchell@clockwise.test
2025-04-09,Cloud Migration,SSL certificate setup,0.5,Performance optimization,alice.chen@clockwise.test
2025-04-10,API Platform v2,Performance profiling,1.5,Sprint planning,david.kim@clockwise.test
2025-04-10,Mobile App Redesign,Design review,2,Cross-team collaboration,eva.johnson@clockwise.test
2025-04-10,API Platform v2,Response caching,1,Updated documentation,frank.lee@clockwise.test
2025-04-10,Design System,Storybook config,4.75,Bug investigation,henry.zhao@clockwise.test
2025-04-13,Internal Tools,Deploy script,3,Database query optimization,bob.martinez@clockwise.test
2025-04-13,Mobile App Redesign,Dark mode support,2.75,Added error handling,eva.johnson@clockwise.test
2025-04-14,Internal Tools,Environment provisioning,3.25,Bug investigation,david.kim@clockwise.test
2025-04-14,API Platform v2,Security audit,4.5,Dependency upgrade,frank.lee@clockwise.test
2025-04-14,Support Portal,Priority routing,1.5,Cleanup after release,henry.zhao@clockwise.test
2025-04-15,Automated Test Suite,Test parallelization,0.5,,frank.lee@clockwise.test
2025-04-16,Internal Tools,Config management,2.5,Cross-team collaboration,carol.white@clockwise.test
2025-04-16,Support Portal,Status page,0.5,,eva.johnson@clockwise.test
2025-04-16,Design System,Toast notifications,5.25,,frank.lee@clockwise.test
2025-04-16,Cloud Migration,Network topology,2.25,Code review and refactoring,zane.mitchell@clockwise.test
2025-04-17,Mobile App Redesign,Wireframes,4,Added error handling,alice.chen@clockwise.test
2025-04-20,Internal Tools,Release automation,0.5,Paired with team on implementation,david.kim@clockwise.test
2025-04-20,Mobile App Redesign,Splash screen,1.25,Updated documentation,eva.johnson@clockwise.test
2025-04-20,Automated Test Suite,Integration test harness,1.5,Wrote unit and integration tests,frank.lee@clockwise.test
2025-04-21,Support Portal,SLA dashboard,1,Cross-team collaboration,eva.johnson@clockwise.test
2025-04-21,Mobile App Redesign,Deep linking,3,Investigated edge case,zane.mitchell@clockwise.test
2025-04-22,Support Portal,Agent dashboard,3.25,Dependency upgrade,carol.white@clockwise.test
2025-04-22,Automated Test Suite,E2E setup,1.5,,frank.lee@clockwise.test
2025-04-23,Internal Tools,Log viewer,3,Added error handling,david.kim@clockwise.test
2025-04-23,Cloud Migration,DNS cutover,3.5,,frank.lee@clockwise.test
2025-04-23,Design System,Dark mode,0.5,Deployed to staging,henry.zhao@clockwise.test
2025-04-24,API Platform v2,Input validation,0.75,Debugging production issue,carol.white@clockwise.test
2025-04-24,Mobile App Redesign,Offline sync,1.75,Investigated edge case,eva.johnson@clockwise.test
2025-04-27,Mobile App Redesign,Animation prototyping,3.5,Cleanup after release,eva.johnson@clockwise.test
2025-04-27,Cloud Migration,Backup strategy,2,Debugging production issue,frank.lee@clockwise.test
2025-04-27,Cloud Migration,Load testing,6,,zane.mitchell@clockwise.test
2025-04-28,Automated Test Suite,Visual regression tests,3.75,Synced with stakeholders,carol.white@clockwise.test
2025-04-28,Cloud Migration,Auto-scaling config,2,Added error handling,eva.johnson@clockwise.test
2025-04-28,API Platform v2,Pagination support,0.5,,zane.mitchell@clockwise.test
2025-04-29,Design System,Theme switcher,3.5,Reviewed PR and addressed feedback,alice.chen@clockwise.test
2025-04-29,Internal Tools,Config management,0.5,,carol.white@clockwise.test
2025-04-29,Internal Tools,Admin dashboard,1.75,,david.kim@clockwise.test
2025-04-29,API Platform v2,Error handling,1.75,Wrote unit and integration tests,frank.lee@clockwise.test
2025-04-29,Design System,Icon library,0.5,Code review and refactoring,henry.zhao@clockwise.test
2025-04-30,Cloud Migration,Infra planning,5.25,Added error handling,david.kim@clockwise.test
2025-04-30,Support Portal,Escalation workflow,2.5,Deployed to staging,henry.zhao@clockwise.test
2025-04-30,Mobile App Redesign,Deep linking,3.25,Reviewed PR and addressed feedback,zane.mitchell@clockwise.test
2025-05-01,Design System,Modal system,4.75,Debugging production issue,eva.johnson@clockwise.test
2025-05-04,API Platform v2,Middleware refactor,1,Sprint planning,alice.chen@clockwise.test
2025-05-04,Automated Test Suite,Coverage report,0.75,,bob.martinez@clockwise.test
2025-05-04,Support Portal,Satisfaction survey,1.25,Prototyped new approach,carol.white@clockwise.test
2025-05-04,Internal Tools,Deploy script,3,Tech debt cleanup,david.kim@clockwise.test
2025-05-04,Support Portal,Satisfaction survey,5.25,,eva.johnson@clockwise.test
2025-05-04,Cloud Migration,Infra planning,1,Sprint planning,frank.lee@clockwise.test
2025-05-05,API Platform v2,Response caching,1,Code review and refactoring,alice.chen@clockwise.test
2025-05-05,Support Portal,Chat widget,3.75,Wrote unit and integration tests,bob.martinez@clockwise.test
2025-05-05,Mobile App Redesign,Biometric auth,6,Debugging production issue,carol.white@clockwise.test
2025-05-05,Cloud Migration,Secret management,1.25,Prototyped new approach,eva.johnson@clockwise.test
2025-05-05,Automated Test Suite,Coverage report,3.25,Cleanup after release,frank.lee@clockwise.test
2025-05-05,Support Portal,Auto-response rules,0.75,Addressed review comments,henry.zhao@clockwise.test
2025-05-05,Cloud Migration,Auto-scaling config,6,Sprint planning,zane.mitchell@clockwise.test
2025-05-06,Internal Tools,Feature flag system,6.25,Paired with team on implementation,david.kim@clockwise.test
2025-05-06,Support Portal,FAQ page,0.75,Added error handling,frank.lee@clockwise.test
2025-05-06,Support Portal,Status page,3.75,Sprint planning,henry.zhao@clockwise.test
2025-05-06,Design System,Design token migration,3.25,Sprint planning,zane.mitchell@clockwise.test
2025-05-07,Automated Test Suite,E2E setup,4,Cleanup after release,bob.martinez@clockwise.test
2025-05-07,Mobile App Redesign,Wireframes,0.5,,carol.white@clockwise.test
2025-05-07,Internal Tools,Seed data tooling,4.5,Sprint planning,david.kim@clockwise.test
2025-05-07,Support Portal,Customer feedback form,7,Wrote unit and integration tests,eva.johnson@clockwise.test
2025-05-07,API Platform v2,API docs,1.5,Dependency upgrade,frank.lee@clockwise.test
2025-05-07,Mobile App Redesign,Gesture handling,3.5,Wrote unit and integration tests,zane.mitchell@clockwise.test
2025-05-08,Internal Tools,Log viewer,5.75,Database query optimization,david.kim@clockwise.test
2025-05-08,Design System,Grid layout system,0.5,,eva.johnson@clockwise.test
2025-05-08,Internal Tools,Release automation,2.75,Dependency upgrade,henry.zhao@clockwise.test
2025-05-08,API Platform v2,Webhook implementation,4,,zane.mitchell@clockwise.test
2025-05-11,Automated Test Suite,Performance benchmarks,1,Debugging production issue,bob.martinez@clockwise.test
2025-05-11,Automated Test Suite,E2E setup,2,Tech debt cleanup,carol.white@clockwise.test
2025-05-11,Internal Tools,Deploy script,6.5,Performance optimization,david.kim@clockwise.test
2025-05-11,Design System,Theme switcher,1,Updated documentation,eva.johnson@clockwise.test
2025-05-11,Design System,Modal system,5.25,Dependency upgrade,frank.lee@clockwise.test
2025-05-11,Internal Tools,Release automation,0.75,,henry.zhao@clockwise.test
2025-05-12,Automated Test Suite,Test fixtures,2.5,Tech debt cleanup,carol.white@clockwise.test
2025-05-12,Internal Tools,Database query tool,2,Paired with team on implementation,david.kim@clockwise.test
2025-05-12,Cloud Migration,Infra planning,2,Sprint planning,eva.johnson@clockwise.test
2025-05-12,Design System,Theme switcher,2,Database query optimization,frank.lee@clockwise.test
2025-05-13,Support Portal,Knowledge base,3.5,Synced with stakeholders,alice.chen@clockwise.test
2025-05-13,Mobile App Redesign,Offline sync,3.25,Debugging production issue,carol.white@clockwise.test
2025-05-13,Internal Tools,Release automation,0.75,Prototyped new approach,david.kim@clockwise.test
2025-05-13,Support Portal,Priority routing,5.75,Addressed review comments,eva.johnson@clockwise.test
2025-05-13,Automated Test Suite,Test parallelization,1.25,Cleanup after release,frank.lee@clockwise.test
2025-05-13,Cloud Migration,Network topology,4.25,Paired with team on implementation,zane.mitchell@clockwise.test
2025-05-14,Cloud Migration,Infra planning,0.75,Initial implementation,alice.chen@clockwise.test
2025-05-14,Automated Test Suite,E2E setup,2.25,Bug investigation,carol.white@clockwise.test
2025-05-14,Mobile App Redesign,Onboarding flow,0.5,Updated documentation,david.kim@clockwise.test
2025-05-14,Internal Tools,Feature flag system,0.5,Updated documentation,eva.johnson@clockwise.test
2025-05-14,Mobile App Redesign,Onboarding flow,6,Sprint planning,eva.johnson@clockwise.test
2025-05-14,API Platform v2,Endpoint design,0.5,Bug investigation,frank.lee@clockwise.test
2025-05-14,Internal Tools,Seed data tooling,6,Tech debt cleanup,frank.lee@clockwise.test
2025-05-14,Support Portal,Escalation workflow,6,,henry.zhao@clockwise.test
2025-05-14,Internal Tools,Deploy script,5.75,Tech debt cleanup,zane.mitchell@clockwise.test
2025-05-15,API Platform v2,OpenAPI spec update,1,Reviewed PR and addressed feedback,alice.chen@clockwise.test
2025-05-15,Automated Test Suite,Write API tests,0.75,Paired with team on implementation,carol.white@clockwise.test
2025-05-15,Mobile App Redesign,Performance tuning,2,Added error handling,david.kim@clockwise.test
2025-05-15,Automated Test Suite,Visual regression tests,7,Addressed review comments,david.kim@clockwise.test
2025-05-15,Design System,Design token migration,3,Tech debt cleanup,eva.johnson@clockwise.test
2025-05-15,API Platform v2,Middleware refactor,2,Dependency upgrade,eva.johnson@clockwise.test
2025-05-15,Automated Test Suite,Integration test harness,0.5,Debugging production issue,frank.lee@clockwise.test
2025-05-15,Mobile App Redesign,Dark mode support,2.75,Paired with team on implementation,zane.mitchell@clockwise.test
2025-05-18,Support Portal,Agent dashboard,4,Code review and refactoring,alice.chen@clockwise.test
2025-05-18,Automated Test Suite,Coverage report,2.5,Dependency upgrade,carol.white@clockwise.test
2025-05-18,Automated Test Suite,E2E setup,5.75,Cross-team collaboration,frank.lee@clockwise.test
2025-05-18,API Platform v2,Security audit,5.75,Cleanup after release,frank.lee@clockwise.test
2025-05-18,Internal Tools,Admin dashboard,2.25,,henry.zhao@clockwise.test
2025-05-18,Mobile App Redesign,Performance tuning,2.75,,zane.mitchell@clockwise.test
2025-05-19,Design System,Icon library,4,Fixed edge cases,alice.chen@clockwise.test
2025-05-19,Mobile App Redesign,Navigation rework,2,Debugging production issue,carol.white@clockwise.test
2025-05-19,API Platform v2,Rate limiting,1.25,Addressed review comments,frank.lee@clockwise.test
2025-05-19,Design System,Token system,1.75,,henry.zhao@clockwise.test
2025-05-19,Mobile App Redesign,Performance tuning,1.75,Added error handling,zane.mitchell@clockwise.test
2025-05-20,Automated Test Suite,E2E setup,0.75,,carol.white@clockwise.test
2025-05-20,Automated Test Suite,Test framework setup,5.25,,frank.lee@clockwise.test
2025-05-20,Support Portal,Customer feedback form,4,Wrote unit and integration tests,henry.zhao@clockwise.test
2025-05-20,Cloud Migration,Backup strategy,2.25,Code review and refactoring,zane.mitchell@clockwise.test
2025-05-21,Design System,Responsive utilities,0.75,Wrote unit and integration tests,alice.chen@clockwise.test
2025-05-21,Automated Test Suite,Test parallelization,0.5,Paired with team on implementation,bob.martinez@clockwise.test
2025-05-21,Automated Test Suite,Performance benchmarks,0.5,Paired with team on implementation,carol.white@clockwise.test
2025-05-21,API Platform v2,Security audit,3.75,,frank.lee@clockwise.test
2025-05-21,Cloud Migration,Backup strategy,5.75,Paired with team on implementation,zane.mitchell@clockwise.test
2025-05-22,Mobile App Redesign,Wireframes,4,Fixed edge cases,alice.chen@clockwise.test
2025-05-22,API Platform v2,Middleware refactor,4.75,,carol.white@clockwise.test
2025-05-22,API Platform v2,Auth integration,0.75,Code review and refactoring,frank.lee@clockwise.test
2025-05-22,Design System,Form components,4,Tech debt cleanup,henry.zhao@clockwise.test
2025-05-25,Support Portal,Customer feedback form,0.5,,bob.martinez@clockwise.test
2025-05-25,Mobile App Redesign,Deep linking,2.25,Tech debt cleanup,carol.white@clockwise.test
2025-05-25,Design System,Button component,5.25,Addressed review comments,frank.lee@clockwise.test
2025-05-26,Cloud Migration,Container orchestration,1.25,Wrote unit and integration tests,carol.white@clockwise.test
2025-05-26,API Platform v2,OpenAPI spec update,6,Investigated edge case,carol.white@clockwise.test
2025-05-26,Mobile App Redesign,Onboarding flow,2,Addressed review comments,eva.johnson@clockwise.test
2025-05-26,Cloud Migration,Auto-scaling config,1.75,Database query optimization,frank.lee@clockwise.test
2025-05-26,Support Portal,Satisfaction survey,1.75,Reviewed PR and addressed feedback,henry.zhao@clockwise.test
2025-05-27,API Platform v2,REST endpoint impl,1.25,Paired with team on implementation,bob.martinez@clockwise.test
2025-05-27,Mobile App Redesign,Design review,5.75,Investigated edge case,carol.white@clockwise.test
2025-05-27,Automated Test Suite,Coverage report,0.5,Updated documentation,carol.white@clockwise.test
2025-05-27,Mobile App Redesign,Performance tuning,2,Initial implementation,eva.johnson@clockwise.test
2025-05-27,Design System,Grid layout system,6.75,Initial implementation,frank.lee@clockwise.test
2025-05-27,Internal Tools,Config management,6,Investigated edge case,henry.zhao@clockwise.test
2025-05-27,Cloud Migration,Infra planning,5.75,Wrote unit and integration tests,zane.mitchell@clockwise.test
2025-05-28,Design System,Storybook config,4,Cleanup after release,alice.chen@clockwise.test
2025-05-28,Cloud Migration,Architecture planning,2.5,,bob.martinez@clockwise.test
2025-05-28,Mobile App Redesign,Performance tuning,4,Debugging production issue,carol.white@clockwise.test
2025-05-28,Support Portal,Customer feedback form,0.75,Dependency upgrade,eva.johnson@clockwise.test
2025-05-28,Support Portal,Knowledge base,4.25,Cleanup after release,frank.lee@clockwise.test
2025-05-28,Design System,Accessibility audit,1.5,Initial implementation,henry.zhao@clockwise.test
2025-05-28,Mobile App Redesign,Offline sync,0.5,Tech debt cleanup,zane.mitchell@clockwise.test
2025-05-29,Mobile App Redesign,Animation prototyping,1.25,Database query optimization,carol.white@clockwise.test
2025-05-29,Mobile App Redesign,Wireframes,1,Wrote unit and integration tests,eva.johnson@clockwise.test
2025-05-29,API Platform v2,Auth integration,1,Code review and refactoring,frank.lee@clockwise.test
2025-05-29,API Platform v2,Input validation,1.75,Debugging production issue,frank.lee@clockwise.test
2025-05-29,Internal Tools,Config management,4,Cleanup after release,henry.zhao@clockwise.test
2025-05-29,API Platform v2,Schema migration,0.75,Initial implementation,zane.mitchell@clockwise.test
2025-06-01,Cloud Migration,Cost analysis,4,Added error handling,alice.chen@clockwise.test
2025-06-01,Internal Tools,Environment provisioning,1.5,Added error handling,bob.martinez@clockwise.test
2025-06-01,Internal Tools,Environment provisioning,3.5,Addressed review comments,david.kim@clockwise.test
2025-06-01,Cloud Migration,Infra planning,7,Added error handling,eva.johnson@clockwise.test
2025-06-01,Design System,Button component,7,Sprint planning,eva.johnson@clockwise.test
2025-06-01,Automated Test Suite,Visual regression tests,0.5,Reviewed PR and addressed feedback,frank.lee@clockwise.test
2025-06-01,Design System,Responsive utilities,5,Fixed edge cases,zane.mitchell@clockwise.test
2025-06-02,Mobile App Redesign,Deep linking,0.5,,bob.martinez@clockwise.test
2025-06-02,Mobile App Redesign,Push notifications,1.5,Dependency upgrade,eva.johnson@clockwise.test
2025-06-02,Cloud Migration,Database migration,5.5,Paired with team on implementation,frank.lee@clockwise.test
2025-06-02,API Platform v2,OpenAPI spec update,2,Added error handling,henry.zhao@clockwise.test
2025-06-02,Cloud Migration,SSL certificate setup,3.75,Addressed review comments,zane.mitchell@clockwise.test
2025-06-03,Design System,Toast notifications,1.75,Fixed edge cases,carol.white@clockwise.test
2025-06-03,Cloud Migration,Container orchestration,5,Added error handling,david.kim@clockwise.test
2025-06-03,Design System,Button component,2.25,,eva.johnson@clockwise.test
2025-06-03,Mobile App Redesign,Biometric auth,3,Database query optimization,zane.mitchell@clockwise.test
2025-06-04,Internal Tools,Admin dashboard,3,Wrote unit and integration tests,bob.martinez@clockwise.test
2025-06-04,Mobile App Redesign,Wireframes,6,Cross-team collaboration,carol.white@clockwise.test
2025-06-04,Cloud Migration,Auto-scaling config,2,Cleanup after release,eva.johnson@clockwise.test
2025-06-04,Support Portal,Knowledge base,5.5,Initial implementation,henry.zhao@clockwise.test
2025-06-05,Cloud Migration,Cost analysis,6.5,Added error handling,david.kim@clockwise.test
2025-06-05,Design System,Form components,0.5,Debugging production issue,eva.johnson@clockwise.test
2025-06-05,API Platform v2,Endpoint design,1,Added error handling,frank.lee@clockwise.test
2025-06-05,Cloud Migration,Terraform modules,3.25,Sprint planning,zane.mitchell@clockwise.test
2025-06-08,Internal Tools,Metrics collector,1,Investigated edge case,david.kim@clockwise.test
2025-06-08,Mobile App Redesign,Dark mode support,3.25,,eva.johnson@clockwise.test
2025-06-08,Cloud Migration,Disaster recovery plan,3.75,Fixed edge cases,frank.lee@clockwise.test
2025-06-08,Cloud Migration,Architecture planning,0.5,Bug investigation,zane.mitchell@clockwise.test
2025-06-09,API Platform v2,Code review,2.75,Fixed edge cases,carol.white@clockwise.test
2025-06-09,Cloud Migration,Architecture planning,6.5,Deployed to staging,david.kim@clockwise.test
2025-06-09,Cloud Migration,Database migration,2.75,Dependency upgrade,eva.johnson@clockwise.test
2025-06-09,Cloud Migration,CDN configuration,1.75,Initial implementation,eva.johnson@clockwise.test
2025-06-09,Cloud Migration,Load testing,0.75,Fixed edge cases,frank.lee@clockwise.test
2025-06-09,Cloud Migration,Disaster recovery plan,1,Deployed to staging,frank.lee@clockwise.test
2025-06-09,Support Portal,Satisfaction survey,4.25,Database query optimization,henry.zhao@clockwise.test
2025-06-09,Automated Test Suite,Write API tests,1,Deployed to staging,zane.mitchell@clockwise.test
2025-06-09,Mobile App Redesign,Splash screen,3.75,Investigated edge case,zane.mitchell@clockwise.test
2025-06-10,Automated Test Suite,Test parallelization,4.25,Investigated edge case,carol.white@clockwise.test
2025-06-10,Internal Tools,Health checks,0.75,Added error handling,david.kim@clockwise.test
2025-06-10,Design System,Design token migration,0.75,Paired with team on implementation,eva.johnson@clockwise.test
2025-06-10,API Platform v2,Webhook implementation,2.5,,frank.lee@clockwise.test
2025-06-10,Cloud Migration,Architecture planning,0.5,Synced with stakeholders,frank.lee@clockwise.test
2025-06-10,Mobile App Redesign,Splash screen,7,Synced with stakeholders,zane.mitchell@clockwise.test
2025-06-11,Design System,Toast notifications,3.75,Bug investigation,alice.chen@clockwise.test
2025-06-11,Internal Tools,Feature flag system,1.75,Performance optimization,carol.white@clockwise.test
2025-06-11,Internal Tools,Release automation,3,Performance optimization,david.kim@clockwise.test
2025-06-11,API Platform v2,Security audit,1.5,Added error handling,eva.johnson@clockwise.test
2025-06-11,Design System,Design token migration,0.5,Addressed review comments,frank.lee@clockwise.test
2025-06-11,API Platform v2,Endpoint design,2,,zane.mitchell@clockwise.test
2025-06-12,Automated Test Suite,Write API tests,4,Dependency upgrade,carol.white@clockwise.test
2025-06-12,Internal Tools,Feature flag system,7,Cleanup after release,david.kim@clockwise.test
2025-06-12,Design System,Responsive utilities,7,,eva.johnson@clockwise.test
2025-06-12,Cloud Migration,Disaster recovery plan,0.75,,frank.lee@clockwise.test
2025-06-12,Internal Tools,Admin dashboard,6,Reviewed PR and addressed feedback,henry.zhao@clockwise.test
2025-06-12,Mobile App Redesign,Performance tuning,7,Reviewed PR and addressed feedback,zane.mitchell@clockwise.test
2025-06-15,Automated Test Suite,Performance benchmarks,6,Database query optimization,carol.white@clockwise.test
2025-06-15,Internal Tools,Feature flag system,0.5,Debugging production issue,david.kim@clockwise.test
2025-06-15,Automated Test Suite,Write API tests,7,Added error handling,eva.johnson@clockwise.test
2025-06-15,Design System,Storybook config,1,Reviewed PR and addressed feedback,eva.johnson@clockwise.test
2025-06-15,API Platform v2,Input validation,0.5,Bug investigation,frank.lee@clockwise.test
2025-06-15,API Platform v2,Error handling,1.75,Tech debt cleanup,zane.mitchell@clockwise.test
2025-06-16,Automated Test Suite,Mock service setup,1.25,Synced with stakeholders,carol.white@clockwise.test
2025-06-16,Internal Tools,Database query tool,6,Updated documentation,david.kim@clockwise.test
2025-06-16,Support Portal,Admin panel,5,,eva.johnson@clockwise.test
2025-06-16,Cloud Migration,Container orchestration,3,Reviewed PR and addressed feedback,frank.lee@clockwise.test
2025-06-16,Support Portal,Ticket flow,5,Tech debt cleanup,henry.zhao@clockwise.test
2025-06-16,Cloud Migration,Network topology,1,Reviewed PR and addressed feedback,zane.mitchell@clockwise.test
2025-06-17,Internal Tools,Config management,2.75,Added error handling,bob.martinez@clockwise.test
2025-06-17,API Platform v2,Middleware refactor,0.5,Paired with team on implementation,carol.white@clockwise.test
2025-06-17,Mobile App Redesign,Gesture handling,4.25,Synced with stakeholders,eva.johnson@clockwise.test
2025-06-17,Automated Test Suite,E2E setup,1,Paired with team on implementation,frank.lee@clockwise.test
2025-06-17,Mobile App Redesign,Onboarding flow,3,,zane.mitchell@clockwise.test
2025-06-18,Design System,Button component,0.5,Code review and refactoring,alice.chen@clockwise.test
2025-06-18,Support Portal,Knowledge base,0.5,,bob.martinez@clockwise.test
2025-06-18,API Platform v2,Input validation,6,Initial implementation,carol.white@clockwise.test
2025-06-18,Support Portal,Ticket flow,6.25,Cross-team collaboration,eva.johnson@clockwise.test
2025-06-18,Cloud Migration,CDN configuration,0.5,Updated documentation,frank.lee@clockwise.test
2025-06-18,Design System,Dark mode,4.25,Cross-team collaboration,henry.zhao@clockwise.test
2025-06-18,API Platform v2,Response caching,3,Cross-team collaboration,zane.mitchell@clockwise.test
2025-06-19,Internal Tools,Database query tool,0.5,Fixed edge cases,carol.white@clockwise.test
2025-06-19,Design System,Typography scale,3.25,Updated documentation,eva.johnson@clockwise.test
2025-06-19,Internal Tools,Release automation,0.5,,frank.lee@clockwise.test
2025-06-19,API Platform v2,Endpoint design,1.75,Synced with stakeholders,henry.zhao@clockwise.test
2025-06-22,Support Portal,Agent dashboard,1.75,Cleanup after release,bob.martinez@clockwise.test
2025-06-22,Automated Test Suite,Flaky test fix,3.25,Dependency upgrade,carol.white@clockwise.test
2025-06-22,Internal Tools,Metrics collector,2,Cleanup after release,david.kim@clockwise.test
2025-06-22,Support Portal,Auto-response rules,2.5,Fixed edge cases,eva.johnson@clockwise.test
2025-06-22,Automated Test Suite,Performance benchmarks,2,,frank.lee@clockwise.test
2025-06-22,Design System,Modal system,1.25,Synced with stakeholders,henry.zhao@clockwise.test
2025-06-22,Mobile App Redesign,Offline sync,1.75,Paired with team on implementation,zane.mitchell@clockwise.test
2025-06-23,Design System,Accessibility audit,4,Reviewed PR and addressed feedback,alice.chen@clockwise.test
2025-06-23,Support Portal,Admin panel,4,,bob.martinez@clockwise.test
2025-06-23,Internal Tools,Feature flag system,1.5,Investigated edge case,david.kim@clockwise.test
2025-06-23,API Platform v2,Security audit,6.75,Investigated edge case,eva.johnson@clockwise.test
2025-06-23,Design System,Design token migration,7,Updated documentation,eva.johnson@clockwise.test
2025-06-23,Cloud Migration,Network topology,5.25,,frank.lee@clockwise.test
2025-06-23,Internal Tools,Admin dashboard,2.75,Reviewed PR and addressed feedback,henry.zhao@clockwise.test
2025-06-23,Cloud Migration,Container orchestration,4.25,Bug investigation,zane.mitchell@clockwise.test
2025-06-24,Cloud Migration,Terraform modules,7,Code review and refactoring,david.kim@clockwise.test
2025-06-24,Support Portal,Priority routing,0.5,Updated documentation,eva.johnson@clockwise.test
2025-06-24,API Platform v2,Middleware refactor,0.5,Debugging production issue,frank.lee@clockwise.test
2025-06-24,API Platform v2,Input validation,2,Reviewed PR and addressed feedback,frank.lee@clockwise.test
2025-06-24,API Platform v2,Security audit,1.5,Fixed edge cases,zane.mitchell@clockwise.test
2025-06-25,Cloud Migration,SSL certificate setup,2.25,Paired with team on implementation,alice.chen@clockwise.test
2025-06-25,API Platform v2,Code review,6,Reviewed PR and addressed feedback,carol.white@clockwise.test
2025-06-25,Support Portal,Satisfaction survey,3.75,Deployed to staging,eva.johnson@clockwise.test
2025-06-25,Automated Test Suite,Snapshot testing,0.5,Initial implementation,frank.lee@clockwise.test
2025-06-25,Mobile App Redesign,Splash screen,2.5,Dependency upgrade,frank.lee@clockwise.test
2025-06-25,Internal Tools,Health checks,6,Deployed to staging,henry.zhao@clockwise.test
2025-06-25,Design System,Dark mode,0.75,Performance optimization,zane.mitchell@clockwise.test
2025-06-26,API Platform v2,Endpoint design,0.5,Deployed to staging,alice.chen@clockwise.test
2025-06-26,Support Portal,Canned responses,0.75,Added error handling,bob.martinez@clockwise.test
2025-06-26,Support Portal,FAQ page,0.5,,eva.johnson@clockwise.test
2025-06-26,Automated Test Suite,Performance benchmarks,2.25,Tech debt cleanup,eva.johnson@clockwise.test
2025-06-26,Mobile App Redesign,Gesture handling,0.75,Initial implementation,frank.lee@clockwise.test
2025-06-26,Support Portal,Agent dashboard,0.5,Dependency upgrade,henry.zhao@clockwise.test
2025-06-26,Mobile App Redesign,Performance tuning,7,Tech debt cleanup,zane.mitchell@clockwise.test
2025-06-26,Cloud Migration,Backup strategy,3.75,Updated documentation,zane.mitchell@clockwise.test
2025-06-29,API Platform v2,Security audit,1.5,,alice.chen@clockwise.test
2025-06-29,Mobile App Redesign,Deep linking,4.25,Reviewed PR and addressed feedback,carol.white@clockwise.test
2025-06-29,Internal Tools,Database query tool,4,Updated documentation,eva.johnson@clockwise.test
2025-06-29,Design System,Token system,1.5,Initial implementation,henry.zhao@clockwise.test
2025-06-30,Internal Tools,Deploy script,5.5,,david.kim@clockwise.test
2025-06-30,Mobile App Redesign,Offline sync,3.75,Dependency upgrade,frank.lee@clockwise.test
2025-06-30,Design System,Icon library,3.25,Cleanup after release,henry.zhao@clockwise.test
2025-06-30,Cloud Migration,Cost analysis,6.25,Reviewed PR and addressed feedback,zane.mitchell@clockwise.test
2025-07-01,API Platform v2,REST endpoint impl,3.25,Performance optimization,alice.chen@clockwise.test
2025-07-01,Support Portal,Ticket flow,0.5,Performance optimization,bob.martinez@clockwise.test
2025-07-01,Mobile App Redesign,Navigation rework,0.5,Initial implementation,carol.white@clockwise.test
2025-07-01,Internal Tools,Feature flag system,2.5,Deployed to staging,david.kim@clockwise.test
2025-07-01,Design System,Grid layout system,3.5,Cross-team collaboration,eva.johnson@clockwise.test
2025-07-01,Mobile App Redesign,Design review,0.75,,frank.lee@clockwise.test
2025-07-01,Mobile App Redesign,Onboarding flow,1.75,Cleanup after release,zane.mitchell@clockwise.test
2025-07-02,Automated Test Suite,Test fixtures,4,Database query optimization,alice.chen@clockwise.test
2025-07-02,Design System,Icon library,6,Fixed edge cases,carol.white@clockwise.test
2025-07-02,Cloud Migration,Terraform modules,4.25,Database query optimization,david.kim@clockwise.test
2025-07-02,Design System,Dark mode,3,Synced with stakeholders,eva.johnson@clockwise.test
2025-07-02,Cloud Migration,Infra planning,1.25,Investigated edge case,frank.lee@clockwise.test
2025-07-02,Internal Tools,Log viewer,3.5,Deployed to staging,henry.zhao@clockwise.test
2025-07-02,Mobile App Redesign,Navigation rework,5.75,Database query optimization,zane.mitchell@clockwise.test
2025-07-03,Cloud Migration,Architecture planning,3,Reviewed PR and addressed feedback,carol.white@clockwise.test
2025-07-03,Support Portal,SLA dashboard,1.5,Added error handling,eva.johnson@clockwise.test
2025-07-03,Cloud Migration,Container orchestration,2.25,Reviewed PR and addressed feedback,frank.lee@clockwise.test
2025-07-03,Automated Test Suite,Performance benchmarks,5.25,,zane.mitchell@clockwise.test
2025-07-06,Cloud Migration,Infra planning,3.75,Investigated edge case,alice.chen@clockwise.test
2025-07-06,Cloud Migration,Architecture planning,1.5,Debugging production issue,david.kim@clockwise.test
2025-07-06,Internal Tools,Metrics collector,4.75,Wrote unit and integration tests,eva.johnson@clockwise.test
2025-07-06,Internal Tools,Metrics collector,2,Dependency upgrade,henry.zhao@clockwise.test
2025-07-06,Design System,Storybook config,4.25,Wrote unit and integration tests,zane.mitchell@clockwise.test
2025-07-07,Internal Tools,Audit log viewer,4.5,Cleanup after release,david.kim@clockwise.test
2025-07-07,Mobile App Redesign,Gesture handling,5.5,Deployed to staging,eva.johnson@clockwise.test
2025-07-07,Support Portal,Ticket flow,3,Investigated edge case,henry.zhao@clockwise.test
2025-07-07,Cloud Migration,Network topology,6.25,Synced with stakeholders,zane.mitchell@clockwise.test
2025-07-08,Support Portal,SLA dashboard,0.5,Sprint planning,bob.martinez@clockwise.test
2025-07-08,Cloud Migration,Container orchestration,2.5,Cross-team collaboration,david.kim@clockwise.test
2025-07-08,Support Portal,Agent dashboard,5.75,Addressed review comments,eva.johnson@clockwise.test
2025-07-08,Design System,Toast notifications,2.5,,henry.zhao@clockwise.test
2025-07-08,Support Portal,FAQ page,6.25,Addressed review comments,zane.mitchell@clockwise.test
2025-07-09,API Platform v2,Pagination support,4,Sprint planning,alice.chen@clockwise.test
2025-07-09,Automated Test Suite,Mock service setup,0.75,Wrote unit and integration tests,bob.martinez@clockwise.test
2025-07-09,Internal Tools,Admin dashboard,1.25,Debugging production issue,david.kim@clockwise.test
2025-07-09,Internal Tools,Release automation,7,Code review and refactoring,eva.johnson@clockwise.test
2025-07-09,Cloud Migration,Auto-scaling config,1,Code review and refactoring,zane.mitchell@clockwise.test
2025-07-10,Support Portal,Canned responses,4,Dependency upgrade,bob.martinez@clockwise.test
2025-07-10,Cloud Migration,CDN configuration,7,,david.kim@clockwise.test
2025-07-10,Internal Tools,Feature flag system,3.5,Synced with stakeholders,eva.johnson@clockwise.test
2025-07-10,API Platform v2,Performance profiling,1.25,Cleanup after release,zane.mitchell@clockwise.test
2025-07-13,Internal Tools,Log viewer,4,Tech debt cleanup,alice.chen@clockwise.test
2025-07-13,Support Portal,Escalation workflow,3.5,,bob.martinez@clockwise.test
2025-07-13,Mobile App Redesign,Deep linking,0.75,,eva.johnson@clockwise.test
2025-07-13,Automated Test Suite,E2E setup,5.5,Fixed edge cases,frank.lee@clockwise.test
2025-07-13,Mobile App Redesign,Design review,2,Sprint planning,henry.zhao@clockwise.test
2025-07-14,API Platform v2,Response caching,4,Synced with stakeholders,alice.chen@clockwise.test
2025-07-14,Support Portal,Admin panel,1.5,Addressed review comments,bob.martinez@clockwise.test
2025-07-14,Internal Tools,Release automation,5.75,Prototyped new approach,carol.white@clockwise.test
2025-07-14,Support Portal,Chat widget,3.75,Code review and refactoring,eva.johnson@clockwise.test
2025-07-14,Internal Tools,Admin dashboard,8,Addressed review comments,frank.lee@clockwise.test
2025-07-14,Mobile App Redesign,Push notifications,7,Dependency upgrade,zane.mitchell@clockwise.test
2025-07-15,Automated Test Suite,Test framework setup,2.75,Sprint planning,carol.white@clockwise.test
2025-07-15,Cloud Migration,Auto-scaling config,1.75,Reviewed PR and addressed feedback,david.kim@clockwise.test
2025-07-15,Support Portal,Ticket flow,1.75,Sprint planning,eva.johnson@clockwise.test
2025-07-15,API Platform v2,Pagination support,2.25,Addressed review comments,frank.lee@clockwise.test
2025-07-15,Cloud Migration,Backup strategy,0.5,Added error handling,frank.lee@clockwise.test
2025-07-15,Design System,Dark mode,2,,henry.zhao@clockwise.test
2025-07-16,Cloud Migration,Backup strategy,2.75,Prototyped new approach,bob.martinez@clockwise.test
2025-07-16,Internal Tools,Release automation,1.25,Synced with stakeholders,david.kim@clockwise.test
2025-07-16,Support Portal,Priority routing,7,Investigated edge case,eva.johnson@clockwise.test
2025-07-16,API Platform v2,Pagination support,3.5,Dependency upgrade,frank.lee@clockwise.test
2025-07-16,Internal Tools,Metrics collector,0.5,Investigated edge case,henry.zhao@clockwise.test
2025-07-17,Mobile App Redesign,Offline sync,0.75,Debugging production issue,eva.johnson@clockwise.test
2025-07-17,Cloud Migration,Cost analysis,8,Investigated edge case,frank.lee@clockwise.test
2025-07-17,Support Portal,Customer feedback form,3.75,Code review and refactoring,henry.zhao@clockwise.test
2025-07-17,Cloud Migration,Container orchestration,6,Paired with team on implementation,zane.mitchell@clockwise.test
2025-07-20,Design System,Grid layout system,1.75,Sprint planning,alice.chen@clockwise.test
2025-07-20,Mobile App Redesign,Gesture handling,0.5,Synced with stakeholders,carol.white@clockwise.test
2025-07-20,Internal Tools,Seed data tooling,1.25,Dependency upgrade,carol.white@clockwise.test
2025-07-20,Cloud Migration,Container orchestration,6.25,Cross-team collaboration,eva.johnson@clockwise.test
2025-07-20,Cloud Migration,Load testing,6,Updated documentation,frank.lee@clockwise.test
2025-07-20,Support Portal,Satisfaction survey,2,Bug investigation,henry.zhao@clockwise.test
2025-07-21,Internal Tools,Deploy script,6,Performance optimization,carol.white@clockwise.test
2025-07-21,Design System,Grid layout system,5,Code review and refactoring,eva.johnson@clockwise.test
2025-07-22,Mobile App Redesign,Splash screen,4.25,Cross-team collaboration,carol.white@clockwise.test
2025-07-22,Cloud Migration,SSL certificate setup,0.75,Performance optimization,david.kim@clockwise.test
2025-07-22,Mobile App Redesign,Biometric auth,0.5,Fixed edge cases,eva.johnson@clockwise.test
2025-07-22,API Platform v2,Pagination support,4,Bug investigation,frank.lee@clockwise.test
2025-07-23,Internal Tools,Metrics collector,4.5,Code review and refactoring,carol.white@clockwise.test
2025-07-23,Cloud Migration,Cost analysis,6.75,Bug investigation,david.kim@clockwise.test
2025-07-23,Support Portal,Canned responses,4.5,,eva.johnson@clockwise.test
2025-07-23,Support Portal,Agent dashboard,0.75,,frank.lee@clockwise.test
2025-07-23,Design System,Form components,1.25,Deployed to staging,henry.zhao@clockwise.test
2025-07-24,Support Portal,Knowledge base,6,,carol.white@clockwise.test
2025-07-24,API Platform v2,Performance profiling,3.25,Sprint planning,eva.johnson@clockwise.test
2025-07-24,API Platform v2,Input validation,2.75,Dependency upgrade,frank.lee@clockwise.test
2025-07-27,Mobile App Redesign,Offline sync,0.5,Bug investigation,carol.white@clockwise.test
2025-07-27,Support Portal,FAQ page,2.25,,eva.johnson@clockwise.test
2025-07-27,Automated Test Suite,Test fixtures,2.75,Reviewed PR and addressed feedback,frank.lee@clockwise.test
2025-07-27,Cloud Migration,Database migration,3.25,Investigated edge case,zane.mitchell@clockwise.test
2025-07-28,Design System,Component library,0.75,Performance optimization,alice.chen@clockwise.test
2025-07-28,Internal Tools,Seed data tooling,1,Performance optimization,bob.martinez@clockwise.test
2025-07-28,Automated Test Suite,E2E test coverage,2,Deployed to staging,carol.white@clockwise.test
2025-07-28,Cloud Migration,Monitoring setup,7,,david.kim@clockwise.test
2025-07-28,Mobile App Redesign,Animation prototyping,4.5,Synced with stakeholders,eva.johnson@clockwise.test
2025-07-28,Automated Test Suite,Test fixtures,5,Cross-team collaboration,frank.lee@clockwise.test
2025-07-28,Support Portal,Admin panel,0.5,Prototyped new approach,henry.zhao@clockwise.test
2025-07-28,Support Portal,Escalation workflow,1.25,Investigated edge case,zane.mitchell@clockwise.test
2025-07-29,Mobile App Redesign,Splash screen,6,Cross-team collaboration,carol.white@clockwise.test
2025-07-29,Internal Tools,Log viewer,2,Sprint planning,david.kim@clockwise.test
2025-07-29,Mobile App Redesign,Gesture handling,0.5,Sprint planning,eva.johnson@clockwise.test
2025-07-29,Automated Test Suite,Performance benchmarks,4.5,Paired with team on implementation,frank.lee@clockwise.test
2025-07-29,Cloud Migration,Backup strategy,2,Cleanup after release,frank.lee@clockwise.test
2025-07-29,Support Portal,Customer feedback form,5.25,Paired with team on implementation,henry.zhao@clockwise.test
2025-07-29,Internal Tools,Metrics collector,3.25,Addressed review comments,zane.mitchell@clockwise.test
2025-07-30,Design System,Accessibility audit,0.75,Synced with stakeholders,carol.white@clockwise.test
2025-07-30,Internal Tools,Environment provisioning,2.5,Bug investigation,david.kim@clockwise.test
2025-07-30,API Platform v2,Response caching,0.5,Updated documentation,eva.johnson@clockwise.test
2025-07-30,API Platform v2,Performance profiling,1.75,Reviewed PR and addressed feedback,frank.lee@clockwise.test
2025-07-30,Design System,Component library,5.75,Added error handling,zane.mitchell@clockwise.test
2025-07-31,Design System,Dark mode,0.5,,alice.chen@clockwise.test
2025-07-31,Mobile App Redesign,Offline sync,4.25,Reviewed PR and addressed feedback,carol.white@clockwise.test
2025-07-31,API Platform v2,Code review,4,Wrote unit and integration tests,carol.white@clockwise.test
2025-07-31,Automated Test Suite,CI pipeline,1,Fixed edge cases,frank.lee@clockwise.test
2025-07-31,Mobile App Redesign,Performance tuning,0.75,Added error handling,zane.mitchell@clockwise.test
2025-08-03,Automated Test Suite,Integration test harness,2,Prototyped new approach,bob.martinez@clockwise.test
2025-08-03,Internal Tools,Config management,0.5,Tech debt cleanup,carol.white@clockwise.test
2025-08-03,Cloud Migration,DNS cutover,1,Synced with stakeholders,david.kim@clockwise.test
2025-08-03,API Platform v2,Code review,0.75,Cleanup after release,eva.johnson@clockwise.test
2025-08-03,Cloud Migration,SSL certificate setup,5.5,Reviewed PR and addressed feedback,frank.lee@clockwise.test
2025-08-03,API Platform v2,REST endpoint impl,6.75,Tech debt cleanup,zane.mitchell@clockwise.test
2025-08-04,Automated Test Suite,Write API tests,1.75,Tech debt cleanup,bob.martinez@clockwise.test
2025-08-04,Internal Tools,Health checks,3,Updated documentation,carol.white@clockwise.test
2025-08-04,Mobile App Redesign,Biometric auth,2.75,Sprint planning,eva.johnson@clockwise.test
2025-08-04,Mobile App Redesign,Splash screen,2.75,,eva.johnson@clockwise.test
2025-08-04,Automated Test Suite,Test fixtures,0.5,Wrote unit and integration tests,frank.lee@clockwise.test
2025-08-04,Support Portal,SLA dashboard,1.5,Paired with team on implementation,henry.zhao@clockwise.test
2025-08-04,Mobile App Redesign,Offline sync,5,Performance optimization,zane.mitchell@clockwise.test
2025-08-04,Mobile App Redesign,Gesture handling,2.25,Cleanup after release,zane.mitchell@clockwise.test
2025-08-05,Mobile App Redesign,Offline sync,0.75,,carol.white@clockwise.test
2025-08-05,Internal Tools,Metrics collector,6.5,Code review and refactoring,david.kim@clockwise.test
2025-08-05,Mobile App Redesign,Onboarding flow,0.5,Initial implementation,eva.johnson@clockwise.test
2025-08-05,API Platform v2,Pagination support,1.25,Debugging production issue,frank.lee@clockwise.test
2025-08-05,API Platform v2,Middleware refactor,0.5,Added error handling,henry.zhao@clockwise.test
2025-08-05,Cloud Migration,Database migration,0.5,Paired with team on implementation,zane.mitchell@clockwise.test
2025-08-06,Mobile App Redesign,Wireframes,4.25,Bug investigation,carol.white@clockwise.test
2025-08-06,API Platform v2,Schema migration,1,Cross-team collaboration,carol.white@clockwise.test
2025-08-06,Internal Tools,Health checks,1,Dependency upgrade,david.kim@clockwise.test
2025-08-06,Support Portal,Auto-response rules,4,Performance optimization,eva.johnson@clockwise.test
2025-08-06,Internal Tools,Release automation,7.5,Database query optimization,frank.lee@clockwise.test
2025-08-06,Design System,Component library,6,,henry.zhao@clockwise.test
2025-08-06,Mobile App Redesign,Design review,5.5,Deployed to staging,zane.mitchell@clockwise.test
2025-08-07,Automated Test Suite,Visual regression tests,0.75,Addressed review comments,bob.martinez@clockwise.test
2025-08-07,Support Portal,Customer feedback form,3.75,Sprint planning,carol.white@clockwise.test
2025-08-07,Cloud Migration,Infra planning,4.5,Database query optimization,david.kim@clockwise.test
2025-08-07,Internal Tools,Admin dashboard,5,Paired with team on implementation,eva.johnson@clockwise.test
2025-08-07,Cloud Migration,Architecture planning,1.25,Updated documentation,frank.lee@clockwise.test
2025-08-07,API Platform v2,Error handling,3.75,Paired with team on implementation,zane.mitchell@clockwise.test
2025-08-10,Cloud Migration,Load testing,4,,alice.chen@clockwise.test
2025-08-10,Mobile App Redesign,Splash screen,2.25,Wrote unit and integration tests,bob.martinez@clockwise.test
2025-08-10,Mobile App Redesign,Performance tuning,2.75,Addressed review comments,carol.white@clockwise.test
2025-08-10,Design System,Dark mode,4.5,Bug investigation,david.kim@clockwise.test
2025-08-10,API Platform v2,Performance profiling,5,,eva.johnson@clockwise.test
2025-08-10,Automated Test Suite,Test fixtures,3.5,Bug investigation,frank.lee@clockwise.test
2025-08-10,API Platform v2,Load testing,2.75,Reviewed PR and addressed feedback,frank.lee@clockwise.test
2025-08-10,API Platform v2,Error handling,4.25,Initial implementation,zane.mitchell@clockwise.test
2025-08-11,Automated Test Suite,Snapshot testing,3,Debugging production issue,carol.white@clockwise.test
2025-08-11,Support Portal,Escalation workflow,1.75,Dependency upgrade,david.kim@clockwise.test
2025-08-11,Design System,Button component,2.5,Dependency upgrade,eva.johnson@clockwise.test
2025-08-11,Cloud Migration,Backup strategy,1,Initial implementation,frank.lee@clockwise.test
2025-08-12,Design System,Grid layout system,3.25,Wrote unit and integration tests,bob.martinez@clockwise.test
2025-08-12,Mobile App Redesign,Onboarding flow,0.5,Bug investigation,carol.white@clockwise.test
2025-08-12,Cloud Migration,Cost analysis,6,Tech debt cleanup,david.kim@clockwise.test
2025-08-12,Design System,Dark mode,2,Updated documentation,eva.johnson@clockwise.test
2025-08-12,Mobile App Redesign,Push notifications,6,Investigated edge case,eva.johnson@clockwise.test
2025-08-12,API Platform v2,Security audit,1,Fixed edge cases,frank.lee@clockwise.test
2025-08-12,Mobile App Redesign,Biometric auth,2,,henry.zhao@clockwise.test
2025-08-13,Mobile App Redesign,Splash screen,0.5,Performance optimization,carol.white@clockwise.test
2025-08-13,Cloud Migration,Architecture planning,5.75,,carol.white@clockwise.test
2025-08-13,Cloud Migration,Secret management,0.5,Paired with team on implementation,david.kim@clockwise.test
2025-08-13,Support Portal,Customer feedback form,0.5,Addressed review comments,eva.johnson@clockwise.test
2025-08-13,Cloud Migration,Terraform modules,5.5,Added error handling,frank.lee@clockwise.test
2025-08-13,Mobile App Redesign,Biometric auth,0.5,,henry.zhao@clockwise.test
2025-08-14,Internal Tools,Health checks,4,Wrote unit and integration tests,bob.martinez@clockwise.test
2025-08-14,API Platform v2,Input validation,0.75,Performance optimization,carol.white@clockwise.test
2025-08-14,API Platform v2,Error handling,0.75,Paired with team on implementation,david.kim@clockwise.test
2025-08-14,Mobile App Redesign,Design review,0.5,,eva.johnson@clockwise.test
2025-08-14,Automated Test Suite,E2E test coverage,6.5,,frank.lee@clockwise.test
2025-08-14,Cloud Migration,Cost analysis,0.5,Prototyped new approach,zane.mitchell@clockwise.test
2025-08-17,Automated Test Suite,E2E setup,2.25,Paired with team on implementation,bob.martinez@clockwise.test
2025-08-17,Internal Tools,Log viewer,1,Deployed to staging,carol.white@clockwise.test
2025-08-17,Cloud Migration,Terraform modules,3.25,Tech debt cleanup,david.kim@clockwise.test
2025-08-17,Support Portal,Chat widget,0.5,Deployed to staging,eva.johnson@clockwise.test
2025-08-17,Design System,Color token definitions,2,Dependency upgrade,henry.zhao@clockwise.test
2025-08-18,Automated Test Suite,Mock service setup,4.25,,david.kim@clockwise.test
2025-08-18,Support Portal,Ticket flow,0.75,Bug investigation,eva.johnson@clockwise.test
2025-08-18,Automated Test Suite,Visual regression tests,6.5,,frank.lee@clockwise.test
2025-08-18,Automated Test Suite,Integration test harness,4,Bug investigation,henry.zhao@clockwise.test
2025-08-19,Automated Test Suite,Test framework setup,2.5,Fixed edge cases,carol.white@clockwise.test
2025-08-19,Cloud Migration,Container orchestration,2,Added error handling,david.kim@clockwise.test
2025-08-19,Mobile App Redesign,Biometric auth,5.5,Synced with stakeholders,eva.johnson@clockwise.test
2025-08-19,Mobile App Redesign,Offline sync,1.75,,zane.mitchell@clockwise.test
2025-08-20,Design System,Color token definitions,4,,alice.chen@clockwise.test
2025-08-20,Internal Tools,Feature flag system,4,Initial implementation,carol.white@clockwise.test
2025-08-20,Mobile App Redesign,Push notifications,4,Paired with team on implementation,eva.johnson@clockwise.test
2025-08-20,Support Portal,Customer feedback form,0.5,Debugging production issue,eva.johnson@clockwise.test
2025-08-20,Mobile App Redesign,Navigation rework,5.25,Cross-team collaboration,zane.mitchell@clockwise.test
2025-08-21,Mobile App Redesign,Animation prototyping,6,Paired with team on implementation,carol.white@clockwise.test
2025-08-21,Internal Tools,Release automation,1.25,Reviewed PR and addressed feedback,david.kim@clockwise.test
2025-08-21,Support Portal,Satisfaction survey,5.25,Synced with stakeholders,eva.johnson@clockwise.test
2025-08-21,Automated Test Suite,CI pipeline,1,Tech debt cleanup,frank.lee@clockwise.test
2025-08-21,Mobile App Redesign,Design review,5.75,,zane.mitchell@clockwise.test
2025-08-24,API Platform v2,Webhook implementation,4,Paired with team on implementation,alice.chen@clockwise.test
2025-08-24,API Platform v2,Error handling,0.75,Fixed edge cases,carol.white@clockwise.test
2025-08-24,Internal Tools,Environment provisioning,0.5,Initial implementation,david.kim@clockwise.test
2025-08-24,Cloud Migration,Container orchestration,1.25,Deployed to staging,frank.lee@clockwise.test
2025-08-24,Support Portal,Canned responses,5.75,Cleanup after release,henry.zhao@clockwise.test
2025-08-25,Internal Tools,Metrics collector,1,Updated documentation,david.kim@clockwise.test
2025-08-25,Automated Test Suite,Coverage report,4.25,,frank.lee@clockwise.test
2025-08-26,API Platform v2,Input validation,0.5,Code review and refactoring,carol.white@clockwise.test
2025-08-26,Cloud Migration,Load testing,1,Performance optimization,david.kim@clockwise.test
2025-08-26,API Platform v2,Input validation,0.75,Debugging production issue,frank.lee@clockwise.test
2025-08-27,Automated Test Suite,Write API tests,3.25,Debugging production issue,carol.white@clockwise.test
2025-08-27,Design System,Storybook config,0.5,,frank.lee@clockwise.test
2025-08-27,Cloud Migration,Backup strategy,1,Performance optimization,frank.lee@clockwise.test
2025-08-27,Support Portal,FAQ page,1,Tech debt cleanup,henry.zhao@clockwise.test
2025-08-28,Automated Test Suite,Test parallelization,0.5,Tech debt cleanup,bob.martinez@clockwise.test
2025-08-28,Cloud Migration,Disaster recovery plan,0.5,Updated documentation,carol.white@clockwise.test
2025-08-28,Cloud Migration,Backup strategy,0.75,Wrote unit and integration tests,david.kim@clockwise.test
2025-08-28,Design System,Theme switcher,0.5,,frank.lee@clockwise.test
2025-08-28,Cloud Migration,SSL certificate setup,1,Updated documentation,henry.zhao@clockwise.test
2025-08-31,Automated Test Suite,Performance benchmarks,1,Deployed to staging,bob.martinez@clockwise.test
2025-08-31,Cloud Migration,DNS cutover,4.75,,david.kim@clockwise.test
2025-08-31,Cloud Migration,Auto-scaling config,3.75,Sprint planning,frank.lee@clockwise.test
2025-08-31,Internal Tools,Metrics collector,2.5,Code review and refactoring,henry.zhao@clockwise.test
2025-08-31,Mobile App Redesign,Navigation rework,3.5,Code review and refactoring,zane.mitchell@clockwise.test
2025-09-01,Automated Test Suite,Mock service setup,0.75,Dependency upgrade,carol.white@clockwise.test
2025-09-01,Internal Tools,Health checks,3.75,Cleanup after release,david.kim@clockwise.test
2025-09-01,Automated Test Suite,Write API tests,2.5,Dependency upgrade,frank.lee@clockwise.test
2025-09-01,API Platform v2,Auth integration,3.75,Paired with team on implementation,zane.mitchell@clockwise.test
2025-09-02,Mobile App Redesign,Wireframes,3.75,Prototyped new approach,alice.chen@clockwise.test
2025-09-02,Mobile App Redesign,Performance tuning,5,Tech debt cleanup,carol.white@clockwise.test
2025-09-02,Cloud Migration,Database migration,2.25,Cross-team collaboration,david.kim@clockwise.test
2025-09-02,Cloud Migration,SSL certificate setup,0.75,Deployed to staging,frank.lee@clockwise.test
2025-09-02,Design System,Component library,4.25,Fixed edge cases,henry.zhao@clockwise.test
2025-09-02,Mobile App Redesign,Navigation rework,0.5,Reviewed PR and addressed feedback,zane.mitchell@clockwise.test
2025-09-03,API Platform v2,Rate limiting,3,Paired with team on implementation,david.kim@clockwise.test
2025-09-03,API Platform v2,Load testing,5.5,Added error handling,frank.lee@clockwise.test
2025-09-03,Design System,Icon library,0.5,,henry.zhao@clockwise.test
2025-09-03,Cloud Migration,Architecture planning,3,Bug investigation,zane.mitchell@clockwise.test
2025-09-04,Cloud Migration,CDN configuration,4,Synced with stakeholders,alice.chen@clockwise.test
2025-09-04,Mobile App Redesign,Wireframes,1.5,Reviewed PR and addressed feedback,carol.white@clockwise.test
2025-09-04,Cloud Migration,Auto-scaling config,0.75,Synced with stakeholders,david.kim@clockwise.test
2025-09-04,Cloud Migration,Disaster recovery plan,5.75,Reviewed PR and addressed feedback,frank.lee@clockwise.test
2025-09-04,Cloud Migration,Network topology,3,Database query optimization,frank.lee@clockwise.test
2025-09-04,Internal Tools,Config management,4.5,Wrote unit and integration tests,henry.zhao@clockwise.test
2025-09-04,Mobile App Redesign,Dark mode support,0.5,Dependency upgrade,zane.mitchell@clockwise.test
2025-09-07,Support Portal,Knowledge base,0.75,Debugging production issue,eva.johnson@clockwise.test
2025-09-07,Cloud Migration,Load testing,5.25,,frank.lee@clockwise.test
2025-09-07,Mobile App Redesign,Wireframes,2.75,Cleanup after release,henry.zhao@clockwise.test
2025-09-07,Mobile App Redesign,Animation prototyping,0.75,Investigated edge case,zane.mitchell@clockwise.test
2025-09-08,API Platform v2,Middleware refactor,4,,carol.white@clockwise.test
2025-09-08,Internal Tools,Health checks,1.5,,eva.johnson@clockwise.test
2025-09-08,Automated Test Suite,Coverage report,4,Database query optimization,frank.lee@clockwise.test
2025-09-08,Design System,Button component,4,Fixed edge cases,henry.zhao@clockwise.test
2025-09-08,Cloud Migration,DNS cutover,6,Bug investigation,zane.mitchell@clockwise.test
2025-09-09,Internal Tools,Admin dashboard,1.25,,david.kim@clockwise.test
2025-09-09,Support Portal,Canned responses,0.5,,eva.johnson@clockwise.test
2025-09-09,API Platform v2,REST endpoint impl,0.5,Cleanup after release,zane.mitchell@clockwise.test
2025-09-10,Design System,Icon library,4,Sprint planning,alice.chen@clockwise.test
2025-09-10,API Platform v2,Schema migration,1.5,Added error handling,carol.white@clockwise.test
2025-09-10,API Platform v2,OpenAPI spec update,3,Performance optimization,eva.johnson@clockwise.test
2025-09-11,Support Portal,Chat widget,3.5,Bug investigation,bob.martinez@clockwise.test
2025-09-11,Automated Test Suite,Coverage report,5.5,Database query optimization,carol.white@clockwise.test
2025-09-11,Support Portal,Priority routing,0.5,Added error handling,david.kim@clockwise.test
2025-09-11,Design System,Form components,1,,eva.johnson@clockwise.test
2025-09-11,Support Portal,Ticket flow,0.75,Fixed edge cases,frank.lee@clockwise.test
2025-09-14,Design System,Typography scale,3.75,Deployed to staging,eva.johnson@clockwise.test
2025-09-14,Support Portal,Knowledge base,2.5,Paired with team on implementation,frank.lee@clockwise.test
2025-09-14,Design System,Typography scale,3.5,Reviewed PR and addressed feedback,henry.zhao@clockwise.test
2025-09-14,Mobile App Redesign,Onboarding flow,3.75,Updated documentation,zane.mitchell@clockwise.test
2025-09-15,Design System,Modal system,1.75,Paired with team on implementation,alice.chen@clockwise.test
2025-09-15,Automated Test Suite,E2E test coverage,0.5,Cleanup after release,bob.martinez@clockwise.test
2025-09-15,Support Portal,Priority routing,2.75,Wrote unit and integration tests,eva.johnson@clockwise.test
2025-09-15,API Platform v2,Schema migration,7.25,Initial implementation,frank.lee@clockwise.test
2025-09-15,Cloud Migration,Secret management,5.5,Database query optimization,zane.mitchell@clockwise.test
2025-09-16,API Platform v2,Performance profiling,3,Tech debt cleanup,alice.chen@clockwise.test
2025-09-16,Mobile App Redesign,Dark mode support,5.25,,eva.johnson@clockwise.test
2025-09-16,Cloud Migration,Container orchestration,0.5,Sprint planning,frank.lee@clockwise.test
2025-09-16,API Platform v2,Code review,5.5,,frank.lee@clockwise.test
2025-09-17,Cloud Migration,Disaster recovery plan,1,,david.kim@clockwise.test
2025-09-17,Support Portal,Auto-response rules,7,Cleanup after release,eva.johnson@clockwise.test
2025-09-17,Cloud Migration,Backup strategy,3,Addressed review comments,frank.lee@clockwise.test
2025-09-17,Internal Tools,Database query tool,1,Initial implementation,henry.zhao@clockwise.test
2025-09-17,Internal Tools,Audit log viewer,1.75,Reviewed PR and addressed feedback,zane.mitchell@clockwise.test
2025-09-18,Design System,Accessibility audit,3,Paired with team on implementation,alice.chen@clockwise.test
2025-09-18,Cloud Migration,CDN configuration,0.5,Added error handling,david.kim@clockwise.test
2025-09-18,Support Portal,Satisfaction survey,4.25,Added error handling,eva.johnson@clockwise.test
2025-09-18,API Platform v2,Security audit,5.5,Sprint planning,frank.lee@clockwise.test
2025-09-18,Cloud Migration,Database migration,6,Prototyped new approach,henry.zhao@clockwise.test
2025-09-18,Support Portal,Satisfaction survey,3.5,Database query optimization,zane.mitchell@clockwise.test
2025-09-21,Internal Tools,Release automation,2,,bob.martinez@clockwise.test
2025-09-21,Cloud Migration,Backup strategy,0.75,Code review and refactoring,david.kim@clockwise.test
2025-09-21,Automated Test Suite,Write API tests,1.75,Cross-team collaboration,eva.johnson@clockwise.test
2025-09-21,Design System,Modal system,6,Sprint planning,henry.zhao@clockwise.test
2025-09-22,Design System,Color token definitions,4,Sprint planning,alice.chen@clockwise.test
2025-09-22,Automated Test Suite,Visual regression tests,2.25,Reviewed PR and addressed feedback,bob.martinez@clockwise.test
2025-09-22,Internal Tools,Config management,0.75,Deployed to staging,david.kim@clockwise.test
2025-09-22,Design System,Color token definitions,1,,eva.johnson@clockwise.test
2025-09-22,Support Portal,Customer feedback form,3.75,Added error handling,frank.lee@clockwise.test
2025-09-22,API Platform v2,Middleware refactor,0.5,Added error handling,zane.mitchell@clockwise.test
2025-09-23,Mobile App Redesign,Offline sync,3.5,Initial implementation,carol.white@clockwise.test
2025-09-23,Cloud Migration,Architecture planning,1.5,Added error handling,david.kim@clockwise.test
2025-09-23,API Platform v2,Middleware refactor,0.75,Addressed review comments,eva.johnson@clockwise.test
2025-09-23,API Platform v2,Load testing,2.5,Prototyped new approach,frank.lee@clockwise.test
2025-09-23,Support Portal,Escalation workflow,2.75,Tech debt cleanup,henry.zhao@clockwise.test
2025-09-24,Design System,Accessibility audit,2.5,Synced with stakeholders,alice.chen@clockwise.test
2025-09-24,Internal Tools,Release automation,4,Added error handling,bob.martinez@clockwise.test
2025-09-24,Support Portal,FAQ page,2.5,Addressed review comments,eva.johnson@clockwise.test
2025-09-24,API Platform v2,Code review,4.75,Database query optimization,frank.lee@clockwise.test
2025-09-24,Design System,Grid layout system,1,,henry.zhao@clockwise.test
2025-09-25,Design System,Component library,2.5,Database query optimization,alice.chen@clockwise.test
2025-09-25,API Platform v2,API docs,5.5,Fixed edge cases,carol.white@clockwise.test
2025-09-25,Cloud Migration,Secret management,3,,david.kim@clockwise.test
2025-09-25,Mobile App Redesign,Offline sync,1.25,Addressed review comments,eva.johnson@clockwise.test
2025-09-25,API Platform v2,Load testing,3.25,Paired with team on implementation,frank.lee@clockwise.test
2025-09-25,API Platform v2,Response caching,0.75,Synced with stakeholders,zane.mitchell@clockwise.test
2025-09-28,Support Portal,Admin panel,2.25,Sprint planning,alice.chen@clockwise.test
2025-09-28,API Platform v2,Code review,0.5,Dependency upgrade,carol.white@clockwise.test
2025-09-28,Internal Tools,Seed data tooling,6.5,Deployed to staging,david.kim@clockwise.test
2025-09-28,API Platform v2,Performance profiling,2.25,Debugging production issue,zane.mitchell@clockwise.test
2025-09-29,Internal Tools,Database query tool,3.75,,alice.chen@clockwise.test
2025-09-29,Cloud Migration,Terraform modules,4,Paired with team on implementation,bob.martinez@clockwise.test
2025-09-29,Cloud Migration,Disaster recovery plan,2.5,Addressed review comments,david.kim@clockwise.test
2025-09-29,Cloud Migration,CDN configuration,4.75,Paired with team on implementation,frank.lee@clockwise.test
2025-09-29,Design System,Typography scale,2.75,Cleanup after release,henry.zhao@clockwise.test
2025-09-30,Cloud Migration,Disaster recovery plan,6,Debugging production issue,david.kim@clockwise.test
2025-09-30,Automated Test Suite,Snapshot testing,1.5,Addressed review comments,frank.lee@clockwise.test
2025-09-30,Support Portal,Customer feedback form,3,,henry.zhao@clockwise.test
2025-10-01,Design System,Modal system,1,Tech debt cleanup,alice.chen@clockwise.test
2025-10-01,Automated Test Suite,Coverage report,6,Updated documentation,carol.white@clockwise.test
2025-10-01,Cloud Migration,Database migration,0.5,,david.kim@clockwise.test
2025-10-01,Cloud Migration,Secret management,0.5,Initial implementation,frank.lee@clockwise.test
2025-10-01,Design System,Modal system,2.5,Cross-team collaboration,henry.zhao@clockwise.test
2025-10-01,Cloud Migration,Infra planning,0.75,,zane.mitchell@clockwise.test
2025-10-02,Mobile App Redesign,Wireframes,4,,carol.white@clockwise.test
2025-10-02,Cloud Migration,CDN configuration,5.25,Cleanup after release,david.kim@clockwise.test
2025-10-02,Design System,Grid layout system,5,Debugging production issue,zane.mitchell@clockwise.test
2025-10-05,Automated Test Suite,Mock service setup,0.5,Initial implementation,bob.martinez@clockwise.test
2025-10-05,Automated Test Suite,Integration test harness,0.5,Reviewed PR and addressed feedback,carol.white@clockwise.test
2025-10-05,Internal Tools,Release automation,0.5,,david.kim@clockwise.test
2025-10-05,Mobile App Redesign,Deep linking,5,Added error handling,eva.johnson@clockwise.test
2025-10-05,Automated Test Suite,Snapshot testing,2.25,Code review and refactoring,frank.lee@clockwise.test
2025-10-05,Internal Tools,Admin dashboard,5.5,,henry.zhao@clockwise.test
2025-10-05,Cloud Migration,Monitoring setup,0.5,Cross-team collaboration,zane.mitchell@clockwise.test
2025-10-06,API Platform v2,API docs,0.5,Deployed to staging,eva.johnson@clockwise.test
2025-10-06,Internal Tools,Admin dashboard,2.5,Tech debt cleanup,frank.lee@clockwise.test
2025-10-06,Support Portal,SLA dashboard,1.25,Sprint planning,henry.zhao@clockwise.test
2025-10-07,Support Portal,Escalation workflow,1,Initial implementation,eva.johnson@clockwise.test
2025-10-07,Mobile App Redesign,Offline sync,3.75,Paired with team on implementation,zane.mitchell@clockwise.test
2025-10-08,Automated Test Suite,Write API tests,1.75,,carol.white@clockwise.test
2025-10-08,Support Portal,Knowledge base,0.75,,eva.johnson@clockwise.test
2025-10-08,Cloud Migration,Cost analysis,2,Addressed review comments,frank.lee@clockwise.test
2025-10-08,Support Portal,Auto-response rules,3.25,Cleanup after release,zane.mitchell@clockwise.test
2025-10-09,Internal Tools,Health checks,1.5,Cross-team collaboration,david.kim@clockwise.test
2025-10-09,Automated Test Suite,Coverage report,5.5,Prototyped new approach,eva.johnson@clockwise.test
2025-10-09,API Platform v2,OpenAPI spec update,7.25,Sprint planning,frank.lee@clockwise.test
2025-10-09,Mobile App Redesign,Design review,4.5,Cleanup after release,henry.zhao@clockwise.test
2025-10-09,Mobile App Redesign,Gesture handling,1,Bug investigation,zane.mitchell@clockwise.test
2025-10-12,Automated Test Suite,Visual regression tests,6,Added error handling,carol.white@clockwise.test
2025-10-12,Design System,Icon library,0.5,Sprint planning,eva.johnson@clockwise.test
2025-10-12,Support Portal,Knowledge base,0.75,Initial implementation,frank.lee@clockwise.test
2025-10-12,Internal Tools,Feature flag system,2,Investigated edge case,henry.zhao@clockwise.test
2025-10-13,API Platform v2,Auth integration,1.75,Code review and refactoring,alice.chen@clockwise.test
2025-10-13,Mobile App Redesign,Design review,6,Investigated edge case,carol.white@clockwise.test
2025-10-13,API Platform v2,Code review,7,Added error handling,eva.johnson@clockwise.test
2025-10-13,Mobile App Redesign,Deep linking,1.5,Investigated edge case,frank.lee@clockwise.test
2025-10-13,Support Portal,SLA dashboard,5.5,,henry.zhao@clockwise.test
2025-10-14,Mobile App Redesign,Navigation rework,6,Database query optimization,carol.white@clockwise.test
2025-10-14,Mobile App Redesign,Splash screen,0.5,Prototyped new approach,eva.johnson@clockwise.test
2025-10-14,API Platform v2,API docs,2.5,,frank.lee@clockwise.test
2025-10-15,Automated Test Suite,Mock service setup,1.5,Wrote unit and integration tests,bob.martinez@clockwise.test
2025-10-15,API Platform v2,OpenAPI spec update,4.5,,carol.white@clockwise.test
2025-10-15,Internal Tools,Deploy script,1.25,Sprint planning,david.kim@clockwise.test
2025-10-15,Support Portal,Agent dashboard,1.5,Cleanup after release,eva.johnson@clockwise.test
2025-10-16,Design System,Toast notifications,4.75,Paired with team on implementation,carol.white@clockwise.test
2025-10-16,Internal Tools,Config management,2.75,Synced with stakeholders,david.kim@clockwise.test
2025-10-16,Automated Test Suite,Coverage report,6.5,Prototyped new approach,eva.johnson@clockwise.test
2025-10-16,Automated Test Suite,Write API tests,4.75,Paired with team on implementation,frank.lee@clockwise.test
2025-10-19,Internal Tools,Health checks,2.5,Synced with stakeholders,bob.martinez@clockwise.test
2025-10-19,Automated Test Suite,Performance benchmarks,0.75,Performance optimization,carol.white@clockwise.test
2025-10-19,Internal Tools,Deploy script,2.25,Dependency upgrade,david.kim@clockwise.test
2025-10-19,Cloud Migration,DNS cutover,2.25,Added error handling,frank.lee@clockwise.test
2025-10-20,Cloud Migration,Secret management,3.75,Tech debt cleanup,alice.chen@clockwise.test
2025-10-20,Support Portal,Canned responses,5.75,Reviewed PR and addressed feedback,carol.white@clockwise.test
2025-10-20,Cloud Migration,Auto-scaling config,0.5,,david.kim@clockwise.test
2025-10-20,Design System,Storybook config,2.5,Reviewed PR and addressed feedback,eva.johnson@clockwise.test
2025-10-20,Support Portal,Satisfaction survey,2.75,Database query optimization,frank.lee@clockwise.test
2025-10-20,Support Portal,Auto-response rules,3.5,Database query optimization,henry.zhao@clockwise.test
2025-10-20,API Platform v2,Input validation,2,Initial implementation,zane.mitchell@clockwise.test
2025-10-21,Design System,Design token migration,1.25,,eva.johnson@clockwise.test
2025-10-21,Support Portal,Knowledge base,0.75,Reviewed PR and addressed feedback,henry.zhao@clockwise.test
2025-10-22,Design System,Design token migration,2.75,Prototyped new approach,alice.chen@clockwise.test
2025-10-22,API Platform v2,Performance profiling,3,Reviewed PR and addressed feedback,zane.mitchell@clockwise.test
2025-10-23,Support Portal,Status page,1,Paired with team on implementation,eva.johnson@clockwise.test
2025-10-23,Support Portal,Ticket flow,3.5,Addressed review comments,zane.mitchell@clockwise.test
2025-10-26,Mobile App Redesign,Performance tuning,0.75,Dependency upgrade,carol.white@clockwise.test
2025-10-26,Cloud Migration,Database migration,3,Cross-team collaboration,david.kim@clockwise.test
2025-10-26,Internal Tools,Health checks,3.25,Prototyped new approach,eva.johnson@clockwise.test
2025-10-26,API Platform v2,Response caching,0.5,Tech debt cleanup,frank.lee@clockwise.test
2025-10-26,Mobile App Redesign,Gesture handling,0.5,Updated documentation,henry.zhao@clockwise.test
2025-10-26,Mobile App Redesign,Offline sync,6.75,,zane.mitchell@clockwise.test
2025-10-27,Mobile App Redesign,Navigation rework,2,Performance optimization,alice.chen@clockwise.test
2025-10-27,Automated Test Suite,Integration test harness,1.5,Tech debt cleanup,carol.white@clockwise.test
2025-10-27,Cloud Migration,Monitoring setup,0.5,Bug investigation,david.kim@clockwise.test
2025-10-27,API Platform v2,Pagination support,5.25,Initial implementation,eva.johnson@clockwise.test
2025-10-27,Internal Tools,Seed data tooling,2.75,Cleanup after release,henry.zhao@clockwise.test
2025-10-27,Mobile App Redesign,Navigation rework,0.75,,zane.mitchell@clockwise.test
2025-10-28,Design System,Typography scale,2.75,,alice.chen@clockwise.test
2025-10-28,Mobile App Redesign,Animation prototyping,1.5,Fixed edge cases,carol.white@clockwise.test
2025-10-28,Internal Tools,Audit log viewer,1.75,Cleanup after release,david.kim@clockwise.test
2025-10-28,Design System,Form components,2.25,Fixed edge cases,eva.johnson@clockwise.test
2025-10-28,Cloud Migration,Terraform modules,2.5,Cleanup after release,zane.mitchell@clockwise.test
2025-10-29,Mobile App Redesign,Design review,0.75,Investigated edge case,carol.white@clockwise.test
2025-10-29,Internal Tools,Health checks,0.5,Prototyped new approach,david.kim@clockwise.test
2025-10-29,Automated Test Suite,CI pipeline,6.75,Performance optimization,frank.lee@clockwise.test
2025-10-29,Internal Tools,Audit log viewer,6,Wrote unit and integration tests,henry.zhao@clockwise.test
2025-10-30,Design System,Toast notifications,3.75,Bug investigation,alice.chen@clockwise.test
2025-10-30,Automated Test Suite,Flaky test fix,1.25,Reviewed PR and addressed feedback,carol.white@clockwise.test
2025-10-30,Design System,Typography scale,1,Performance optimization,eva.johnson@clockwise.test
2025-11-02,Design System,Dark mode,3.25,Synced with stakeholders,alice.chen@clockwise.test
2025-11-02,Internal Tools,Deploy script,1.25,Code review and refactoring,carol.white@clockwise.test
2025-11-02,Internal Tools,Release automation,5.25,Initial implementation,david.kim@clockwise.test
2025-11-02,Cloud Migration,Cost analysis,3.25,Database query optimization,eva.johnson@clockwise.test
2025-11-02,Internal Tools,Deploy script,1.25,,frank.lee@clockwise.test
2025-11-02,Support Portal,Priority routing,0.5,Wrote unit and integration tests,henry.zhao@clockwise.test
2025-11-02,API Platform v2,Performance profiling,4,,zane.mitchell@clockwise.test
2025-11-03,Support Portal,Priority routing,1.25,,carol.white@clockwise.test
2025-11-03,Support Portal,Satisfaction survey,0.75,Addressed review comments,eva.johnson@clockwise.test
2025-11-03,Cloud Migration,Load testing,2.5,Paired with team on implementation,zane.mitchell@clockwise.test
2025-11-04,Internal Tools,Deploy script,1.5,,frank.lee@clockwise.test
2025-11-04,Support Portal,Admin panel,4.5,Sprint planning,zane.mitchell@clockwise.test
2025-11-05,Cloud Migration,Disaster recovery plan,4.25,Tech debt cleanup,david.kim@clockwise.test
2025-11-05,Design System,Modal system,3,,eva.johnson@clockwise.test
2025-11-05,Internal Tools,Config management,1,Bug investigation,zane.mitchell@clockwise.test
2025-11-06,Cloud Migration,Network topology,3,,alice.chen@clockwise.test
2025-11-06,API Platform v2,Endpoint design,4.75,Paired with team on implementation,carol.white@clockwise.test
2025-11-06,Design System,Design token migration,5,Paired with team on implementation,eva.johnson@clockwise.test
2025-11-06,API Platform v2,Error handling,4.5,Bug investigation,frank.lee@clockwise.test
2025-11-09,Automated Test Suite,Snapshot testing,4,Dependency upgrade,bob.martinez@clockwise.test
2025-11-09,Internal Tools,Deploy script,7,,david.kim@clockwise.test
2025-11-09,API Platform v2,Rate limiting,3.25,Prototyped new approach,eva.johnson@clockwise.test
2025-11-09,Automated Test Suite,CI pipeline,1.25,,frank.lee@clockwise.test
2025-11-09,Internal Tools,Admin dashboard,3.5,Initial implementation,henry.zhao@clockwise.test
2025-11-09,Cloud Migration,SSL certificate setup,2,,zane.mitchell@clockwise.test
2025-11-10,Design System,Color token definitions,4,Performance optimization,alice.chen@clockwise.test
2025-11-10,API Platform v2,Performance profiling,1.75,Cleanup after release,carol.white@clockwise.test
2025-11-10,Design System,Dark mode,2.5,Wrote unit and integration tests,eva.johnson@clockwise.test
2025-11-10,Support Portal,SLA dashboard,3.75,Cross-team collaboration,zane.mitchell@clockwise.test
2025-11-11,Cloud Migration,SSL certificate setup,2.75,Performance optimization,david.kim@clockwise.test
2025-11-11,Design System,Color token definitions,3.5,Performance optimization,eva.johnson@clockwise.test
2025-11-12,Cloud Migration,Infra planning,4.75,Investigated edge case,david.kim@clockwise.test
2025-11-12,Automated Test Suite,E2E test coverage,1,Investigated edge case,eva.johnson@clockwise.test
2025-11-12,Automated Test Suite,Visual regression tests,3,Sprint planning,frank.lee@clockwise.test
2025-11-12,Support Portal,Knowledge base,5.75,,henry.zhao@clockwise.test
2025-11-13,Mobile App Redesign,Biometric auth,0.5,Cleanup after release,carol.white@clockwise.test
2025-11-13,Internal Tools,Admin dashboard,4.5,Reviewed PR and addressed feedback,david.kim@clockwise.test
2025-11-13,Design System,Design token migration,1.75,Code review and refactoring,eva.johnson@clockwise.test
2025-11-13,Automated Test Suite,Visual regression tests,0.75,Reviewed PR and addressed feedback,frank.lee@clockwise.test
2025-11-13,Internal Tools,Metrics collector,1.5,,henry.zhao@clockwise.test
2025-11-13,API Platform v2,Response caching,5.5,Cross-team collaboration,zane.mitchell@clockwise.test
2025-11-16,Cloud Migration,Secret management,0.75,Synced with stakeholders,alice.chen@clockwise.test
2025-11-16,Support Portal,Agent dashboard,2,Tech debt cleanup,eva.johnson@clockwise.test
2025-11-16,Cloud Migration,Auto-scaling config,5,Bug investigation,frank.lee@clockwise.test
2025-11-16,Design System,Color token definitions,0.5,Cross-team collaboration,henry.zhao@clockwise.test
2025-11-17,Internal Tools,Metrics collector,1.75,Sprint planning,bob.martinez@clockwise.test
2025-11-17,Automated Test Suite,CI pipeline,6,,carol.white@clockwise.test
2025-11-17,Mobile App Redesign,Push notifications,0.5,Sprint planning,eva.johnson@clockwise.test
2025-11-17,API Platform v2,Code review,3.5,Wrote unit and integration tests,frank.lee@clockwise.test
2025-11-18,API Platform v2,Pagination support,6,Investigated edge case,carol.white@clockwise.test
2025-11-18,Cloud Migration,Infra planning,0.75,Investigated edge case,david.kim@clockwise.test
2025-11-18,Design System,Responsive utilities,5.75,Cross-team collaboration,eva.johnson@clockwise.test
2025-11-18,Internal Tools,Release automation,3.5,Addressed review comments,henry.zhao@clockwise.test
2025-11-18,Mobile App Redesign,Biometric auth,7,Wrote unit and integration tests,zane.mitchell@clockwise.test
2025-11-19,Mobile App Redesign,Splash screen,6,Investigated edge case,carol.white@clockwise.test
2025-11-19,Cloud Migration,Architecture planning,0.75,Investigated edge case,david.kim@clockwise.test
2025-11-19,Automated Test Suite,Test framework setup,3.75,Dependency upgrade,eva.johnson@clockwise.test
2025-11-19,Cloud Migration,Disaster recovery plan,3,,zane.mitchell@clockwise.test
2025-11-20,Support Portal,Priority routing,7,Investigated edge case,eva.johnson@clockwise.test
2025-11-20,Automated Test Suite,Coverage report,4,Code review and refactoring,frank.lee@clockwise.test
2025-11-20,Internal Tools,Config management,2.75,Debugging production issue,henry.zhao@clockwise.test
2025-11-23,Mobile App Redesign,Biometric auth,3.5,Addressed review comments,carol.white@clockwise.test
2025-11-23,Design System,Color token definitions,2.25,Debugging production issue,frank.lee@clockwise.test
2025-11-24,Design System,Accessibility audit,4,Bug investigation,alice.chen@clockwise.test
2025-11-24,Cloud Migration,Auto-scaling config,2.5,Initial implementation,frank.lee@clockwise.test
2025-11-24,Internal Tools,Admin dashboard,5,Wrote unit and integration tests,henry.zhao@clockwise.test
2025-11-25,API Platform v2,Security audit,4,Cleanup after release,alice.chen@clockwise.test
2025-11-25,Support Portal,Ticket flow,4,,bob.martinez@clockwise.test
2025-11-25,Internal Tools,Health checks,0.5,Initial implementation,david.kim@clockwise.test
2025-11-25,Cloud Migration,Database migration,6.75,Cleanup after release,frank.lee@clockwise.test
2025-11-25,API Platform v2,Endpoint design,2.5,Initial implementation,zane.mitchell@clockwise.test
2025-11-26,Mobile App Redesign,Biometric auth,4.5,Addressed review comments,carol.white@clockwise.test
2025-11-26,Support Portal,Status page,2.75,,david.kim@clockwise.test
2025-11-26,Design System,Responsive utilities,3.75,,zane.mitchell@clockwise.test
2025-11-27,Internal Tools,Seed data tooling,7,Initial implementation,david.kim@clockwise.test
2025-11-27,Automated Test Suite,Write API tests,3.5,,frank.lee@clockwise.test
2025-11-27,Automated Test Suite,Mock service setup,0.5,Cleanup after release,zane.mitchell@clockwise.test
2025-11-30,Internal Tools,Feature flag system,3.5,Initial implementation,david.kim@clockwise.test
2025-11-30,Mobile App Redesign,Offline sync,7,Database query optimization,eva.johnson@clockwise.test
2025-11-30,API Platform v2,Code review,2.5,Added error handling,frank.lee@clockwise.test
2025-12-01,Internal Tools,Audit log viewer,5,Updated documentation,david.kim@clockwise.test
2025-12-01,Support Portal,Ticket flow,3.25,,eva.johnson@clockwise.test
2025-12-01,Automated Test Suite,E2E setup,4.75,Code review and refactoring,frank.lee@clockwise.test
2025-12-01,Design System,Token system,4.75,Investigated edge case,henry.zhao@clockwise.test
2025-12-01,Cloud Migration,Network topology,0.75,Initial implementation,zane.mitchell@clockwise.test
2025-12-02,Cloud Migration,DNS cutover,2.5,Added error handling,alice.chen@clockwise.test
2025-12-02,Design System,Color token definitions,0.5,,eva.johnson@clockwise.test
2025-12-02,Cloud Migration,Load testing,0.75,Cross-team collaboration,zane.mitchell@clockwise.test
2025-12-03,Design System,Modal system,2.5,,alice.chen@clockwise.test
2025-12-03,Support Portal,Admin panel,2.25,Reviewed PR and addressed feedback,eva.johnson@clockwise.test
2025-12-04,Internal Tools,Release automation,4,Debugging production issue,bob.martinez@clockwise.test
2025-12-04,Design System,Design token migration,1.5,Addressed review comments,eva.johnson@clockwise.test
2025-12-04,API Platform v2,Pagination support,0.75,Cleanup after release,zane.mitchell@clockwise.test
2025-12-07,Support Portal,Agent dashboard,2,Cleanup after release,bob.martinez@clockwise.test
2025-12-07,Cloud Migration,Monitoring setup,3.5,Code review and refactoring,david.kim@clockwise.test
2025-12-07,API Platform v2,Error handling,8,Initial implementation,frank.lee@clockwise.test
2025-12-07,Mobile App Redesign,Biometric auth,3.25,Sprint planning,zane.mitchell@clockwise.test
2025-12-08,Support Portal,Ticket flow,0.5,Debugging production issue,bob.martinez@clockwise.test
2025-12-08,Automated Test Suite,Test framework setup,0.5,Paired with team on implementation,carol.white@clockwise.test
2025-12-08,Mobile App Redesign,Biometric auth,2.75,Wrote unit and integration tests,david.kim@clockwise.test
2025-12-08,Cloud Migration,Load testing,3.25,Wrote unit and integration tests,frank.lee@clockwise.test
2025-12-08,API Platform v2,Webhook implementation,0.75,Updated documentation,zane.mitchell@clockwise.test
2025-12-09,Support Portal,FAQ page,0.75,,henry.zhao@clockwise.test
2025-12-10,Mobile App Redesign,Push notifications,0.5,Cleanup after release,carol.white@clockwise.test
2025-12-10,Cloud Migration,Container orchestration,1.5,,zane.mitchell@clockwise.test
2025-12-11,Design System,Toast notifications,3.75,Deployed to staging,alice.chen@clockwise.test
2025-12-11,Cloud Migration,Monitoring setup,3.5,Addressed review comments,david.kim@clockwise.test
2025-12-14,Automated Test Suite,Performance benchmarks,4,Tech debt cleanup,carol.white@clockwise.test
2025-12-14,Internal Tools,Log viewer,0.75,Updated documentation,david.kim@clockwise.test
2025-12-14,Cloud Migration,Architecture planning,2,Bug investigation,zane.mitchell@clockwise.test
2025-12-15,Cloud Migration,Cost analysis,2.5,Debugging production issue,david.kim@clockwise.test
2025-12-15,Internal Tools,Seed data tooling,2,Cross-team collaboration,frank.lee@clockwise.test
2025-12-16,Support Portal,Knowledge base,0.5,Cleanup after release,eva.johnson@clockwise.test
2025-12-16,Automated Test Suite,Integration test harness,2.5,Reviewed PR and addressed feedback,frank.lee@clockwise.test
2025-12-17,Automated Test Suite,Test framework setup,3.25,Performance optimization,henry.zhao@clockwise.test
2025-12-18,Automated Test Suite,Mock service setup,2,Sprint planning,bob.martinez@clockwise.test
2025-12-18,Mobile App Redesign,Dark mode support,3.5,Reviewed PR and addressed feedback,eva.johnson@clockwise.test
2025-12-18,Mobile App Redesign,Splash screen,0.75,Reviewed PR and addressed feedback,henry.zhao@clockwise.test
2025-12-21,Internal Tools,Admin dashboard,0.5,Wrote unit and integration tests,alice.chen@clockwise.test
2025-12-21,Internal Tools,Metrics collector,2,Sprint planning,bob.martinez@clockwise.test
2025-12-21,Mobile App Redesign,Splash screen,5.5,Reviewed PR and addressed feedback,carol.white@clockwise.test
2025-12-21,Cloud Migration,Disaster recovery plan,1,Cleanup after release,david.kim@clockwise.test
2025-12-21,API Platform v2,Middleware refactor,3.5,Synced with stakeholders,eva.johnson@clockwise.test
2025-12-21,API Platform v2,Response caching,4,Synced with stakeholders,zane.mitchell@clockwise.test
2025-12-22,Cloud Migration,Infra planning,3.75,Cleanup after release,alice.chen@clockwise.test
2025-12-22,Support Portal,Status page,0.75,,david.kim@clockwise.test
2025-12-22,API Platform v2,Response caching,0.5,Deployed to staging,eva.johnson@clockwise.test
2025-12-22,API Platform v2,Auth integration,2,Tech debt cleanup,zane.mitchell@clockwise.test
2025-12-23,Cloud Migration,Architecture planning,3.5,Deployed to staging,frank.lee@clockwise.test
2025-12-24,Design System,Button component,0.5,Synced with stakeholders,bob.martinez@clockwise.test
2025-12-24,Internal Tools,Log viewer,0.5,Initial implementation,david.kim@clockwise.test
2025-12-24,Internal Tools,Metrics collector,1,,zane.mitchell@clockwise.test
2025-12-25,Support Portal,Satisfaction survey,3.25,Wrote unit and integration tests,eva.johnson@clockwise.test
2025-12-25,API Platform v2,Endpoint design,2.25,Added error handling,frank.lee@clockwise.test
2025-12-25,Cloud Migration,Database migration,1.25,Investigated edge case,zane.mitchell@clockwise.test
2025-12-28,Mobile App Redesign,Biometric auth,1.75,Performance optimization,carol.white@clockwise.test
2025-12-28,Cloud Migration,DNS cutover,0.5,Fixed edge cases,david.kim@clockwise.test
2025-12-28,Mobile App Redesign,Animation prototyping,0.5,Tech debt cleanup,eva.johnson@clockwise.test
2025-12-28,API Platform v2,Endpoint design,5.25,Reviewed PR and addressed feedback,frank.lee@clockwise.test
2025-12-28,Mobile App Redesign,Offline sync,3.25,Debugging production issue,zane.mitchell@clockwise.test
2025-12-29,Mobile App Redesign,Navigation rework,0.75,Cleanup after release,carol.white@clockwise.test
2025-12-29,API Platform v2,Error handling,4.75,Paired with team on implementation,david.kim@clockwise.test
2025-12-29,API Platform v2,Error handling,0.75,Bug investigation,frank.lee@clockwise.test
2025-12-29,Internal Tools,Deploy script,0.5,Addressed review comments,henry.zhao@clockwise.test
2025-12-29,API Platform v2,Middleware refactor,7,Bug investigation,zane.mitchell@clockwise.test
2025-12-30,Cloud Migration,Disaster recovery plan,3.5,Fixed edge cases,carol.white@clockwise.test
2025-12-30,Internal Tools,Seed data tooling,2.5,Code review and refactoring,henry.zhao@clockwise.test
2025-12-31,Support Portal,FAQ page,7,Fixed edge cases,david.kim@clockwise.test
2025-12-31,Design System,Responsive utilities,4.5,Performance optimization,eva.johnson@clockwise.test
2025-12-31,Mobile App Redesign,Push notifications,1,,zane.mitchell@clockwise.test
2026-01-01,Automated Test Suite,E2E setup,1.25,Added error handling,alice.chen@clockwise.test
2026-01-01,API Platform v2,Security audit,2.5,Prototyped new approach,carol.white@clockwise.test
2026-01-01,API Platform v2,Pagination support,0.75,,carol.white@clockwise.test
2026-01-01,Support Portal,Canned responses,0.75,,david.kim@clockwise.test
2026-01-01,Design System,Icon library,2,Updated documentation,david.kim@clockwise.test
2026-01-01,Design System,Storybook config,3.75,,eva.johnson@clockwise.test
2026-01-01,API Platform v2,Auth integration,1.75,,eva.johnson@clockwise.test
2026-01-01,Support Portal,SLA dashboard,0.75,Tech debt cleanup,frank.lee@clockwise.test
2026-01-01,Internal Tools,Log viewer,2,,frank.lee@clockwise.test
2026-01-01,Support Portal,Canned responses,2,,henry.zhao@clockwise.test
2026-01-01,API Platform v2,Security audit,2.25,Reviewed PR and addressed feedback,henry.zhao@clockwise.test
2026-01-04,Automated Test Suite,Performance benchmarks,3,Cross-team collaboration,bob.martinez@clockwise.test
2026-01-04,API Platform v2,Security audit,1.25,,carol.white@clockwise.test
2026-01-04,Internal Tools,Log viewer,7,Initial implementation,david.kim@clockwise.test
2026-01-04,Design System,Accessibility audit,0.5,Sprint planning,eva.johnson@clockwise.test
2026-01-04,Automated Test Suite,CI pipeline,1.25,,henry.zhao@clockwise.test
2026-01-05,Support Portal,Agent dashboard,0.75,Cross-team collaboration,bob.martinez@clockwise.test
2026-01-05,Automated Test Suite,Test framework setup,3.5,Investigated edge case,carol.white@clockwise.test
2026-01-05,Mobile App Redesign,Offline sync,1.25,Investigated edge case,eva.johnson@clockwise.test
2026-01-05,Cloud Migration,Container orchestration,1,Bug investigation,frank.lee@clockwise.test
2026-01-05,API Platform v2,Endpoint design,0.5,Bug investigation,zane.mitchell@clockwise.test
2026-01-06,API Platform v2,REST endpoint impl,2.5,Tech debt cleanup,carol.white@clockwise.test
2026-01-06,Design System,Theme switcher,4.25,,eva.johnson@clockwise.test
2026-01-06,Cloud Migration,Network topology,0.75,Investigated edge case,frank.lee@clockwise.test
2026-01-06,Mobile App Redesign,Dark mode support,0.5,Wrote unit and integration tests,zane.mitchell@clockwise.test
2026-01-07,Cloud Migration,Disaster recovery plan,0.5,Investigated edge case,alice.chen@clockwise.test
2026-01-07,Internal Tools,Admin dashboard,5.25,,david.kim@clockwise.test
2026-01-07,Cloud Migration,CDN configuration,1.5,Synced with stakeholders,eva.johnson@clockwise.test
2026-01-07,API Platform v2,Endpoint design,3.5,Sprint planning,frank.lee@clockwise.test
2026-01-08,Automated Test Suite,Test framework setup,2,Investigated edge case,carol.white@clockwise.test
2026-01-08,Design System,Storybook config,3.75,Deployed to staging,eva.johnson@clockwise.test
2026-01-11,API Platform v2,API docs,3.75,Cleanup after release,carol.white@clockwise.test
2026-01-11,Internal Tools,Config management,1.75,Debugging production issue,david.kim@clockwise.test
2026-01-11,Design System,Button component,1.5,Debugging production issue,eva.johnson@clockwise.test
2026-01-11,Automated Test Suite,E2E setup,0.75,Prototyped new approach,frank.lee@clockwise.test
2026-01-11,Internal Tools,Log viewer,5.5,Deployed to staging,henry.zhao@clockwise.test
2026-01-11,API Platform v2,Response caching,3.5,Investigated edge case,zane.mitchell@clockwise.test
2026-01-12,Design System,Modal system,4,Added error handling,alice.chen@clockwise.test
2026-01-12,Design System,Component library,4,Sprint planning,bob.martinez@clockwise.test
2026-01-12,Support Portal,Auto-response rules,4.75,Performance optimization,eva.johnson@clockwise.test
2026-01-12,Cloud Migration,Secret management,0.75,Code review and refactoring,frank.lee@clockwise.test
2026-01-12,Design System,Theme switcher,1.5,Reviewed PR and addressed feedback,henry.zhao@clockwise.test
2026-01-12,Automated Test Suite,CI pipeline,0.5,Synced with stakeholders,zane.mitchell@clockwise.test
2026-01-13,Design System,Dark mode,1.75,Dependency upgrade,carol.white@clockwise.test
2026-01-13,Internal Tools,Seed data tooling,0.5,,david.kim@clockwise.test
2026-01-13,Support Portal,Admin panel,7,Wrote unit and integration tests,eva.johnson@clockwise.test
2026-01-14,Internal Tools,Admin dashboard,0.75,Dependency upgrade,david.kim@clockwise.test
2026-01-14,Support Portal,Ticket flow,2.5,Cleanup after release,eva.johnson@clockwise.test
2026-01-14,Automated Test Suite,CI pipeline,2.5,Wrote unit and integration tests,frank.lee@clockwise.test
2026-01-14,Cloud Migration,SSL certificate setup,4.75,Cross-team collaboration,zane.mitchell@clockwise.test
2026-01-15,Design System,Toast notifications,1.75,Wrote unit and integration tests,david.kim@clockwise.test
2026-01-15,API Platform v2,Response caching,1,Synced with stakeholders,eva.johnson@clockwise.test
2026-01-15,API Platform v2,Code review,3.25,Deployed to staging,frank.lee@clockwise.test
2026-01-15,Support Portal,FAQ page,0.5,Prototyped new approach,henry.zhao@clockwise.test
2026-01-15,API Platform v2,Endpoint design,1,,zane.mitchell@clockwise.test
2026-01-18,Mobile App Redesign,Animation prototyping,0.75,Fixed edge cases,eva.johnson@clockwise.test
2026-01-18,Automated Test Suite,Flaky test fix,4.25,Code review and refactoring,henry.zhao@clockwise.test
2026-01-19,API Platform v2,Schema migration,1.25,Dependency upgrade,carol.white@clockwise.test
2026-01-19,Internal Tools,Database query tool,1,Cross-team collaboration,david.kim@clockwise.test
2026-01-19,Design System,Typography scale,4,Bug investigation,eva.johnson@clockwise.test
2026-01-19,API Platform v2,Security audit,4.75,Paired with team on implementation,frank.lee@clockwise.test
2026-01-19,Mobile App Redesign,Deep linking,7,Addressed review comments,zane.mitchell@clockwise.test
2026-01-20,Design System,Icon library,4,Wrote unit and integration tests,alice.chen@clockwise.test
2026-01-20,API Platform v2,Pagination support,3.5,Fixed edge cases,carol.white@clockwise.test
2026-01-20,Cloud Migration,DNS cutover,6.75,Sprint planning,frank.lee@clockwise.test
2026-01-20,Cloud Migration,SSL certificate setup,3,Reviewed PR and addressed feedback,zane.mitchell@clockwise.test
2026-01-21,Design System,Component library,3,,alice.chen@clockwise.test
2026-01-21,Support Portal,Knowledge base,2.25,Wrote unit and integration tests,bob.martinez@clockwise.test
2026-01-21,Support Portal,Knowledge base,2.25,Paired with team on implementation,eva.johnson@clockwise.test
2026-01-21,Design System,Accessibility audit,6,Debugging production issue,henry.zhao@clockwise.test
2026-01-21,Cloud Migration,Infra planning,4.75,Fixed edge cases,zane.mitchell@clockwise.test
2026-01-22,Mobile App Redesign,Dark mode support,1.75,Cross-team collaboration,zane.mitchell@clockwise.test
2026-01-25,Automated Test Suite,Write API tests,1,Synced with stakeholders,eva.johnson@clockwise.test
2026-01-25,Cloud Migration,Secret management,1.75,Fixed edge cases,frank.lee@clockwise.test
2026-01-25,Mobile App Redesign,Gesture handling,4,Deployed to staging,zane.mitchell@clockwise.test
2026-01-26,Internal Tools,Audit log viewer,4,Synced with stakeholders,bob.martinez@clockwise.test
2026-01-26,Mobile App Redesign,Wireframes,0.75,Sprint planning,carol.white@clockwise.test
2026-01-26,Design System,Responsive utilities,3,Addressed review comments,eva.johnson@clockwise.test
2026-01-26,API Platform v2,Input validation,3.75,,frank.lee@clockwise.test
2026-01-26,Support Portal,Canned responses,2,Updated documentation,henry.zhao@clockwise.test
2026-01-27,Mobile App Redesign,Offline sync,3.25,Deployed to staging,carol.white@clockwise.test
2026-01-27,Automated Test Suite,Integration test harness,1.75,Performance optimization,frank.lee@clockwise.test
2026-01-27,API Platform v2,Schema migration,3,Added error handling,zane.mitchell@clockwise.test
2026-01-28,Support Portal,Knowledge base,2.75,,carol.white@clockwise.test
2026-01-28,Design System,Modal system,0.5,Deployed to staging,eva.johnson@clockwise.test
2026-01-28,Internal Tools,Log viewer,5,Sprint planning,frank.lee@clockwise.test
2026-01-28,Mobile App Redesign,Splash screen,4.5,Reviewed PR and addressed feedback,zane.mitchell@clockwise.test
2026-01-29,Cloud Migration,Monitoring setup,0.5,Cross-team collaboration,alice.chen@clockwise.test
2026-01-29,Design System,Button component,3.75,Initial implementation,eva.johnson@clockwise.test
2026-02-01,Automated Test Suite,Test parallelization,1.25,Added error handling,bob.martinez@clockwise.test
2026-02-01,Cloud Migration,Auto-scaling config,3,Reviewed PR and addressed feedback,david.kim@clockwise.test
2026-02-01,Design System,Responsive utilities,1.75,Sprint planning,eva.johnson@clockwise.test
2026-02-01,Cloud Migration,Database migration,1.25,Cross-team collaboration,frank.lee@clockwise.test
2026-02-01,Design System,Grid layout system,0.5,Performance optimization,henry.zhao@clockwise.test
2026-02-02,API Platform v2,Pagination support,0.5,Bug investigation,carol.white@clockwise.test
2026-02-02,Cloud Migration,Terraform modules,6.5,Bug investigation,david.kim@clockwise.test
2026-02-02,Support Portal,Knowledge base,2,Sprint planning,frank.lee@clockwise.test
2026-02-02,Automated Test Suite,Mock service setup,2.25,Performance optimization,zane.mitchell@clockwise.test
2026-02-03,Mobile App Redesign,Splash screen,3,Fixed edge cases,frank.lee@clockwise.test
2026-02-04,Design System,Color token definitions,0.75,Database query optimization,alice.chen@clockwise.test
2026-02-04,Automated Test Suite,CI pipeline,2.75,Addressed review comments,carol.white@clockwise.test
2026-02-04,Automated Test Suite,Test fixtures,3.25,Performance optimization,david.kim@clockwise.test
2026-02-04,Mobile App Redesign,Navigation rework,1.25,Cross-team collaboration,eva.johnson@clockwise.test
2026-02-04,Cloud Migration,Database migration,1,Initial implementation,henry.zhao@clockwise.test
2026-02-04,Mobile App Redesign,Gesture handling,4,,zane.mitchell@clockwise.test
2026-02-05,Mobile App Redesign,Animation prototyping,1,Addressed review comments,frank.lee@clockwise.test
2026-02-05,Cloud Migration,Load testing,7,Added error handling,zane.mitchell@clockwise.test
2026-02-08,Design System,Dark mode,2.25,Cleanup after release,alice.chen@clockwise.test
2026-02-08,Internal Tools,Health checks,6.25,Database query optimization,eva.johnson@clockwise.test
2026-02-08,Internal Tools,Metrics collector,0.5,Dependency upgrade,henry.zhao@clockwise.test
2026-02-09,Support Portal,Admin panel,2.5,Updated documentation,eva.johnson@clockwise.test
2026-02-09,Automated Test Suite,Test parallelization,7.75,Code review and refactoring,frank.lee@clockwise.test
2026-02-10,Support Portal,FAQ page,1,Reviewed PR and addressed feedback,eva.johnson@clockwise.test
2026-02-10,Automated Test Suite,Performance benchmarks,4.75,Debugging production issue,frank.lee@clockwise.test
2026-02-10,Cloud Migration,Container orchestration,0.5,Bug investigation,zane.mitchell@clockwise.test
2026-02-12,Cloud Migration,DNS cutover,0.5,Paired with team on implementation,zane.mitchell@clockwise.test
2026-02-15,Support Portal,FAQ page,1.5,,carol.white@clockwise.test
2026-02-15,Support Portal,Status page,2.75,Investigated edge case,david.kim@clockwise.test
2026-02-15,Mobile App Redesign,Splash screen,3.75,Sprint planning,eva.johnson@clockwise.test
2026-02-15,Automated Test Suite,Coverage report,0.75,Wrote unit and integration tests,frank.lee@clockwise.test
2026-02-15,Mobile App Redesign,Dark mode support,2.5,Debugging production issue,zane.mitchell@clockwise.test
2026-02-16,API Platform v2,Performance profiling,0.5,Initial implementation,carol.white@clockwise.test
2026-02-16,Mobile App Redesign,Deep linking,4.5,Bug investigation,eva.johnson@clockwise.test
2026-02-16,Automated Test Suite,Flaky test fix,3.5,Debugging production issue,zane.mitchell@clockwise.test
2026-02-17,Automated Test Suite,E2E test coverage,2,Bug investigation,bob.martinez@clockwise.test
2026-02-17,Internal Tools,Config management,1.75,Database query optimization,david.kim@clockwise.test
2026-02-17,Mobile App Redesign,Splash screen,3,Database query optimization,eva.johnson@clockwise.test
2026-02-18,Support Portal,Auto-response rules,2.5,Fixed edge cases,carol.white@clockwise.test
2026-02-18,Cloud Migration,Secret management,7,,zane.mitchell@clockwise.test
2026-02-19,Internal Tools,Seed data tooling,0.75,Wrote unit and integration tests,david.kim@clockwise.test
2026-02-19,Support Portal,Ticket flow,1.25,Wrote unit and integration tests,eva.johnson@clockwise.test
2026-02-19,Automated Test Suite,E2E test coverage,2.25,Wrote unit and integration tests,frank.lee@clockwise.test
2026-02-19,Cloud Migration,CDN configuration,4,Dependency upgrade,zane.mitchell@clockwise.test
2026-02-22,Cloud Migration,DNS cutover,1,Addressed review comments,david.kim@clockwise.test
2026-02-22,Automated Test Suite,Snapshot testing,2,,eva.johnson@clockwise.test
2026-02-22,Cloud Migration,Auto-scaling config,0.5,,zane.mitchell@clockwise.test
2026-02-23,Automated Test Suite,Test parallelization,5,Sprint planning,carol.white@clockwise.test
2026-02-23,Design System,Token system,2.75,Cross-team collaboration,eva.johnson@clockwise.test
2026-02-23,Support Portal,Chat widget,2.25,Cleanup after release,frank.lee@clockwise.test
2026-02-24,Automated Test Suite,Integration test harness,2.75,Sprint planning,frank.lee@clockwise.test
2026-02-25,Design System,Grid layout system,3.75,Reviewed PR and addressed feedback,alice.chen@clockwise.test
2026-02-25,API Platform v2,API docs,2.25,Investigated edge case,carol.white@clockwise.test
2026-02-26,API Platform v2,Schema migration,5,Reviewed PR and addressed feedback,frank.lee@clockwise.test
2026-02-26,Design System,Color token definitions,4.5,Cross-team collaboration,zane.mitchell@clockwise.test
2026-03-01,Automated Test Suite,Visual regression tests,3.25,Debugging production issue,carol.white@clockwise.test
2026-03-01,Automated Test Suite,Flaky test fix,1.75,,frank.lee@clockwise.test
2026-03-01,Internal Tools,Health checks,3.25,Addressed review comments,henry.zhao@clockwise.test
2026-03-02,Internal Tools,Audit log viewer,0.5,Prototyped new approach,bob.martinez@clockwise.test
2026-03-02,Mobile App Redesign,Navigation rework,5,Database query optimization,carol.white@clockwise.test
2026-03-02,Cloud Migration,Cost analysis,0.5,Database query optimization,david.kim@clockwise.test
2026-03-02,API Platform v2,Pagination support,0.5,Sprint planning,zane.mitchell@clockwise.test
2026-03-03,Cloud Migration,Cost analysis,1,Paired with team on implementation,david.kim@clockwise.test
2026-03-03,Cloud Migration,Disaster recovery plan,3.75,,frank.lee@clockwise.test
2026-03-03,Support Portal,FAQ page,0.75,Performance optimization,henry.zhao@clockwise.test
2026-03-05,Automated Test Suite,Flaky test fix,0.5,Synced with stakeholders,carol.white@clockwise.test
2026-03-08,Design System,Design token migration,2.25,Prototyped new approach,alice.chen@clockwise.test
2026-03-08,Automated Test Suite,Snapshot testing,4,Prototyped new approach,bob.martinez@clockwise.test
2026-03-08,Mobile App Redesign,Offline sync,2.75,Sprint planning,carol.white@clockwise.test
2026-03-08,Mobile App Redesign,Splash screen,2.25,Tech debt cleanup,eva.johnson@clockwise.test
2026-03-08,Support Portal,Satisfaction survey,3.25,Prototyped new approach,henry.zhao@clockwise.test
2026-03-08,Cloud Migration,Container orchestration,1.5,Prototyped new approach,zane.mitchell@clockwise.test
2026-03-09,Mobile App Redesign,Wireframes,2.5,Synced with stakeholders,zane.mitchell@clockwise.test
2026-03-10,Support Portal,Customer feedback form,1,Fixed edge cases,carol.white@clockwise.test
2026-03-10,Internal Tools,Feature flag system,6.75,Addressed review comments,frank.lee@clockwise.test
2026-03-11,Cloud Migration,Network topology,0.5,Dependency upgrade,david.kim@clockwise.test
2026-03-11,Cloud Migration,Load testing,1.25,Prototyped new approach,frank.lee@clockwise.test
2026-03-11,Mobile App Redesign,Performance tuning,4,Paired with team on implementation,zane.mitchell@clockwise.test
2026-03-12,Design System,Component library,3.75,Sprint planning,eva.johnson@clockwise.test
2026-03-12,Support Portal,Chat widget,2.5,Sprint planning,henry.zhao@clockwise.test
2026-03-15,Internal Tools,Seed data tooling,4,Updated documentation,eva.johnson@clockwise.test
2026-03-15,Support Portal,FAQ page,1.25,Added error handling,henry.zhao@clockwise.test
2026-03-15,Automated Test Suite,Integration test harness,5.5,Debugging production issue,zane.mitchell@clockwise.test
2026-03-16,API Platform v2,Middleware refactor,3,,alice.chen@clockwise.test
2026-03-16,Internal Tools,Audit log viewer,1.25,Fixed edge cases,bob.martinez@clockwise.test
2026-03-16,API Platform v2,Response caching,1.5,,david.kim@clockwise.test
2026-03-16,Support Portal,Escalation workflow,1.75,,henry.zhao@clockwise.test
2026-03-17,Cloud Migration,Secret management,2.25,Prototyped new approach,carol.white@clockwise.test
2026-03-17,Cloud Migration,Container orchestration,2.75,Tech debt cleanup,frank.lee@clockwise.test
2026-03-17,Mobile App Redesign,Animation prototyping,4.5,Synced with stakeholders,zane.mitchell@clockwise.test
2026-03-18,Automated Test Suite,Snapshot testing,3,Prototyped new approach,carol.white@clockwise.test
2026-03-18,Internal Tools,Database query tool,7,,david.kim@clockwise.test
2026-03-18,Automated Test Suite,E2E setup,5.25,,eva.johnson@clockwise.test
2026-03-18,Cloud Migration,Disaster recovery plan,1,Investigated edge case,zane.mitchell@clockwise.test
2026-03-19,Automated Test Suite,Test framework setup,4.5,,carol.white@clockwise.test
2026-03-19,Design System,Form components,1.25,,eva.johnson@clockwise.test
2026-03-22,Automated Test Suite,E2E setup,0.75,,alice.chen@clockwise.test
2026-03-22,Automated Test Suite,Mock service setup,6,Fixed edge cases,carol.white@clockwise.test
2026-03-23,Support Portal,Admin panel,5.25,Cleanup after release,eva.johnson@clockwise.test
2026-03-23,Cloud Migration,Backup strategy,2.5,Dependency upgrade,frank.lee@clockwise.test
2026-03-23,Internal Tools,Deploy script,4,Tech debt cleanup,henry.zhao@clockwise.test
2026-03-24,Mobile App Redesign,Push notifications,3,Deployed to staging,zane.mitchell@clockwise.test
2026-03-25,Automated Test Suite,Coverage report,1,Performance optimization,carol.white@clockwise.test
2026-03-25,Internal Tools,Admin dashboard,4.75,Synced with stakeholders,david.kim@clockwise.test
2026-03-25,Design System,Design token migration,2.75,Dependency upgrade,eva.johnson@clockwise.test
2026-03-25,Design System,Storybook config,4.25,,frank.lee@clockwise.test
2026-03-25,Mobile App Redesign,Offline sync,2.75,Added error handling,zane.mitchell@clockwise.test
2026-03-26,Automated Test Suite,Test parallelization,0.5,Tech debt cleanup,frank.lee@clockwise.test
2026-03-29,Automated Test Suite,E2E test coverage,0.5,Code review and refactoring,carol.white@clockwise.test
2026-03-29,Design System,Token system,1,Updated documentation,eva.johnson@clockwise.test
2026-03-29,Design System,Toast notifications,0.5,Reviewed PR and addressed feedback,henry.zhao@clockwise.test
2026-03-29,API Platform v2,Auth integration,4,Paired with team on implementation,zane.mitchell@clockwise.test
2026-03-30,Automated Test Suite,Test parallelization,2,,carol.white@clockwise.test
2026-03-30,Cloud Migration,Load testing,4.75,Database query optimization,frank.lee@clockwise.test
2026-03-30,Support Portal,Satisfaction survey,1,Synced with stakeholders,henry.zhao@clockwise.test
2026-03-31,Mobile App Redesign,Offline sync,2.25,Debugging production issue,david.kim@clockwise.test
2026-03-31,Support Portal,Canned responses,2.75,Synced with stakeholders,eva.johnson@clockwise.test
2026-03-31,Mobile App Redesign,Biometric auth,0.5,Debugging production issue,zane.mitchell@clockwise.test
2026-04-01,Cloud Migration,DNS cutover,1,,alice.chen@clockwise.test
2026-04-01,Mobile App Redesign,Navigation rework,5.75,Deployed to staging,carol.white@clockwise.test
2026-04-01,Internal Tools,Metrics collector,0.5,Added error handling,david.kim@clockwise.test
2026-04-01,Support Portal,Chat widget,3.5,Performance optimization,eva.johnson@clockwise.test
2026-04-01,Automated Test Suite,Integration test harness,4,Sprint planning,frank.lee@clockwise.test
2026-04-01,API Platform v2,Load testing,3.75,Initial implementation,zane.mitchell@clockwise.test
2026-04-02,Automated Test Suite,Snapshot testing,0.5,Sprint planning,frank.lee@clockwise.test
